Year,Month,Date (mm/dd/yyyy), Amount ,Category (Select),Subcategory (Select),Store,Credit Card,Comments,,,
2019,March,3/14/19, $7.12 ,Mindful Spending,Restaurant,Grocery Checkout,8501,,,,
2019,March,3/14/19," $1,176.00 ",Mindful Spending,Technology,Amazon,8501,Asus Computer,,,
2019,March,3/15/19, $19.69 ,Fixed,Medicine,University Pharmacy,8501,,,,
2019,March,3/16/19, $12.84 ,Fixed,Other,Staples #239,8501,,,,
2019,March,3/16/19, $60.00 ,Fixed,Groceries,No Frills,8501,,,,
2019,March,3/16/19, $8.93 ,Mindful Spending,Restaurant,Petra Café,8501,,,,
2019,March,3/17/19, $8.00 ,Mindful Spending,Restaurant,Black Pearl Restaurant,8501,,,,
2019,March,3/17/19, $35.68 ,Mindful Spending,Home,Amazon MKT Place,8501,,,,
2019,March,3/19/19, $11.01 ,Mindful Spending,Restaurant,Subway,8501,,,,
2019,March,3/22/19, $9.45 ,Mindful Spending,Restaurant,Nori Bento & Udon,8501,,,,
2019,March,3/22/19, $6.36 ,Mindful Spending,Restaurant,N or Shine Homemad IC,8501,,,,
2019,March,3/23/19, $74.27 ,Fixed,Groceries,No Frills,8501,,,,
2019,March,3/23/19, $14.43 ,Mindful Spending,Restaurant,Kintaro Ramen,8501,,,,
2019,March,3/25/19, $9.92 ,Mindful Spending,Restaurant,The Grand Noodle Emporium,8501,,,,
2019,March,3/28/19, $4.88 ,Mindful Spending,Restaurant,IRC Snack Bar,8501,,,,
2019,March,3/29/19, $8.60 ,Mindful Spending,Restaurant,Subway,8501,,,,
2019,March,3/29/19, $8.50 ,Mindful Spending,Restaurant,Black Pearl Restaurant,8501,,,,
2019,March,3/30/19, $10.07 ,Mindful Spending,Other,London Drugs,8501,,,,
2019,March,3/30/19, $89.01 ,Fixed,Groceries,No Frills,8501,,,,
2019,March,3/31/19, $14.91 ,Mindful Spending,Restaurant,Sun Sushi Restaurant,8501,,,,
2019,April,4/01/19, $5.13 ,Mindful Spending,Restaurant,IRC Snack Bar,8501,,,,
2019,April,4/03/19, $7.64 ,Mindful Spending,Restaurant,Nori Bento & Udon,8501,,,,
2019,April,4/07/19, $30.19 ,Mindful Spending,Restaurant,La Notte,8501,,,,
2019,April,4/07/19, $53.43 ,Fixed,Groceries,No Frills,8501,,,,
2019,April,4/09/19, $9.45 ,Mindful Spending,Restaurant,The Grand Noodle Emporium,8501,,,,
2019,April,4/11/19, $9.45 ,Mindful Spending,Restaurant,Nori Bento & Udon,8501,,,,
2019,April,4/12/19, $11.33 ,Mindful Spending,Restaurant,McDonalds,8501,,,,
2019,April,4/12/19, $16.57 ,Fixed,Medicine,Shoppers Drug Mart,8501,Credit Card Cut,,,
2019,April,4/13/19, $79.16 ,Fixed,Groceries,No Frills,8501,,,,
2019,April,4/14/19, $6.18 ,Mindful Spending,Restaurant,Subway,8501,,,,
2019,April,4/14/19, $14.75 ,Mindful Spending,Restaurant,Famous Warehouse,8501,,,,
2019,April,4/16/19, $42.34 ,Mindful Spending,Restaurant,The Holy Crab,8501,,,,
2019,April,4/17/19, $9.00 ,Mindful Spending,Restaurant,Donair Town,8501,,,,
2019,April,4/18/19, $3.99 ,Mindful Spending,Restaurant,Tim Hortons,8501,,,,
2019,April,4/18/19, $52.00 ,Mindful Spending,Other,Student Recreation Center,8501,,,,
2019,April,4/19/19, $12.09 ,Fixed,Medicine,University Pharmacy,8501,,,,
2019,April,4/24/19, $9.45 ,Mindful Spending,Restaurant,The Grand Noodle Emporium,8501,,,,
2019,April,4/25/19, $6.29 ,Mindful Spending,Restaurant,Tim Hortons,8501,,,,
2019,April,4/25/19, $7.62 ,Mindful Spending,Restaurant,JJ Bean Inc,8501,,,,
2019,April,4/25/19, $5.00 ,Mindful Spending,Restaurant,Uncle Fatih's Pizza,8501,,,,
2019,April,4/26/19, $39.14 ,Mindful Spending,Other,Shoppers Drug Mart,8501,,,,
2019,April,4/26/19, $18.35 ,Mindful Spending,Restaurant,Ramen Danbo,8501,,,,
2019,April,4/27/19, $19.99 ,Mindful Spending,Restaurant,Manna Sushi Japanese R,8501,,,,
2019,April,4/27/19, $128.36 ,Fixed,Groceries,Jason's No Frills,8501,,,,
2019,April,4/29/19, $28.39 ,Mindful Spending,Restaurant,Biercraft Westbrook,8501,,,,
2019,May,5/01/19, $9.45 ,Mindful Spending,Restaurant,The Grand Noodle Emporium,8501,,,,
2019,May,5/02/19, $35.00 ,Mindful Spending,Other,Student Recreation Center,8501,,,,
2019,May,5/03/19, $8.93 ,Mindful Spending,Restaurant,Petra Café,8501,,,,
2019,May,5/03/19, $25.20 ,Mindful Spending,Restaurant,Soho Tea Room,8501,,,,
2019,May,5/04/19, $132.89 ,Fixed,Groceries,Loblaws City Market,8501,,,,
2019,May,5/05/19, $12.60 ,Mindful Spending,Restaurant,Heirloom,8501,,,,
2019,May,5/10/19, $29.99 ,Mindful Spending,Other,Amazon MKT Place,8501,,,,
2019,May,5/11/19, $13.95 ,Mindful Spending,Restaurant,El Dorado Pie,8501,Credit Card Cut,,,
2019,May,5/13/19, $9.45 ,Mindful Spending,Restaurant,The Grand Noodle Emporium,8501,,,,
2019,May,5/15/19, $8.93 ,Mindful Spending,Restaurant,Petra Café,8501,,,,
2019,May,5/15/19, $12.86 ,Mindful Spending,Other,Shoppers Drug Mart,8501,,,,
2019,May,5/16/19, $10.08 ,Mindful Spending,Restaurant,Tim Hortons,8501,,,,
2019,May,5/17/19, $25.75 ,Mindful Spending,Other,Shoppers Drug Mart,8501,,,,
2019,May,5/17/19, $161.43 ,Fixed,Groceries,Loblaws City Market,8501,,,,
2019,August,8/04/19, $66.36 ,Fixed,Groceries,Save on Foods,1095,,,,
2019,August,8/05/19, $9.05 ,Fixed,Groceries,Save on Foods,1095,,,,
2019,August,8/06/19, $8.93 ,Mindful Spending,Restaurant,Petra Café,1095,,,,
2019,August,8/07/19, $8.93 ,Mindful Spending,Restaurant,Petra Café,1095,,,,
2019,August,8/08/19, $8.93 ,Mindful Spending,Restaurant,Petra Café,1095,,,,
2019,August,8/08/19, $37.03 ,Fixed,Medicine,University Pharmacy,1095,,,,
2019,August,8/08/19, $22.39 ,Mindful Spending,Other,Shoppers Drug Mart,1095,,,,
2019,August,8/09/19, $9.45 ,Mindful Spending,Restaurant,The Noodle Emporium,1095,,,,
2019,August,8/09/19, $88.08 ,Fixed,Groceries,Save on Foods,1095,,,,
2019,August,8/09/19, $10.44 ,Fixed,Groceries,BC Liquour Store,1095,,,,
2019,August,8/10/19, $65.81 ,Mindful Spending,Restaurant,Yolks,1095,,,,
2019,August,8/11/19, $51.08 ,Fixed,Groceries,Save on Foods,1095,,,,
2019,August,8/12/19, $11.77 ,Fixed,Groceries,Save on Foods,1095,,,,
2019,August,8/15/19, $27.52 ,Fixed,Groceries,Save on Foods,1095,,,,
2019,August,8/16/19, $7.90 ,Mindful Spending,Restaurant,Donair Town,1095,,,,
2019,August,8/17/19, $56.12 ,Fixed,Groceries,Save on Foods,1095,Credit Card Cut,,,
2019,August,8/20/19, $9.45 ,Mindful Spending,Restaurant,Grand Noodle Emporium,1095,,,,
2019,August,8/20/19, $9.18 ,Fixed,Groceries,Save on Foods,1095,,,,
2019,August,8/20/19, $30.06 ,Fixed,Groceries,Save on Foods,1095,,,,
2019,August,8/22/19, $55.74 ,Fixed,Groceries,Save on Foods,1095,,,,
2019,August,8/23/19, $14.15 ,Mindful Spending,Other,Shoppers Drug Mart,1095,,,,
2019,August,8/25/19, $12.30 ,Mindful Spending,Other,Squamish Valley Gas Bar,1095,,,,
2019,August,8/25/19, $15.75 ,Fixed,Groceries,Save on Foods,1095,,,,
2019,August,8/26/19, $30.98 ,Mindful Spending,Other,Staples,1095,,,,
2019,August,8/27/19, $29.76 ,Fixed,Groceries,Save on Foods,1095,,,,
2019,August,8/29/19, $105.00 ,Mindful Spending,Other,Student Recreation Center,1095,,,,
2019,August,8/29/19, $4.01 ,Mindful Spending,Restaurant,UBC Food Services,1095,,,,
2019,August,8/30/19, $64.89 ,Fixed,Groceries,Save on Foods,1095,,,,
2019,September,9/01/19, $24.48 ,Mindful Spending,Other,Staples,1095,,,,
2019,September,9/04/19, $60.00 ,Mindful Spending,Other,UBC Bookstore,1095,,,,
2019,September,9/06/19, $21.16 ,Fixed,Groceries,Save on Foods,1095,,,,
2019,September,9/07/19, $85.05 ,Fixed,Groceries,Save on Foods,1095,,,,
2019,September,9/14/19, $65.02 ,Fixed,Phone,FIDO Mobile,1095,,,,
2019,September,9/14/19, $69.28 ,Fixed,Groceries,Save on Foods,1095,,,,
2019,September,9/17/19, $23.64 ,Fixed,Groceries,Save on Foods,1095,,,,
2019,September,9/19/19, $8.93 ,Mindful Spending,Restaurant,Petra Café,1095,Credit Card Cut,,,
2019,September,9/20/19, $11.00 ,Mindful Spending,Restaurant,UBC Corner Store,1095,,,,
2019,September,9/21/19, $104.88 ,Fixed,Groceries,Save on Foods,1095,,,,
2019,September,9/28/19, $84.23 ,Fixed,Groceries,Save on Foods,1095,,,,
2019,October,10/01/19, $8.93 ,Mindful Spending,Restaurant,Petra Café,1095,,,,
2019,October,10/02/19, $13.70 ,Mindful Spending,Restaurant,A&W,1095,,,,
2019,October,10/02/19, $31.24 ,Fixed,Groceries,Save on Foods,1095,,,,
2019,October,10/04/19, $8.93 ,Mindful Spending,Restaurant,Petra Café,1095,,,,
2019,October,10/05/19, $25.83 ,Fixed,Groceries,Save on Foods,1095,,,,
2019,October,10/07/19, $18.81 ,Mindful Spending,Other,Shoppers Drug Mart,1095,,,,
2019,October,10/08/19, $9.50 ,Mindful Spending,Restaurant,My home cuisine,1095,,,,
2019,October,10/09/19, $26.85 ,Fixed,Groceries,Save on Foods,1095,,,,
2019,October,10/09/19, $4.12 ,Mindful Spending,Restaurant,Tim Hortons,1095,,,,
2019,October,10/13/19, $18.12 ,Fixed,Groceries,Save on Foods,1095,,,,
2019,October,10/17/19, $34.44 ,Fixed,Groceries,Save on Foods,1095,,,,
2019,October,10/19/19, $65.79 ,Fixed,Groceries,Save on Foods,1095,Credit Card Cut,,,
2019,October,10/21/19, $24.47 ,Fixed,Groceries,Save on Foods,1095,,,,
2019,October,10/21/19, $10.00 ,Mindful Spending,Restaurant,Noodle Emporium,1095,,,,
2019,October,10/24/19, $13.11 ,Mindful Spending,Restaurant,Bento Sushi,1095,,,,
2020,January,1/14/20, $50.00 ,Fixed,Phone,FIDO Mobile,1095,,,,
2020,January,1/18/20, $75.17 ,Fixed,Groceries,Save on Foods,1095,,,,
2020,January,1/18/20, $14.54 ,Mindful Spending,Home,Dollar N Plus,1095,,,,
2020,January,1/23/20, $52.11 ,Fixed,Groceries,Save on Foods,1095,,,,
2020,January,1/26/20, $34.53 ,Fixed,Groceries,Save on Foods,1095,,,,
2020,January,1/30/20, $57.08 ,Fixed,Groceries,Save on Foods,1095,,,,
2020,January,1/31/20, $11.63 ,Fixed,Groceries,Save on Foods,1095,,,,
2020,February,2/02/20, $22.46 ,Fixed,Groceries,Save on Foods,1095,,,,
2020,February,2/08/20, $61.59 ,Fixed,Groceries,Save on Foods,1095,,,,
2020,February,2/13/20, $28.15 ,Fixed,Groceries,Save on Foods,1095,,,,
2020,February,2/14/20, $50.00 ,Fixed,Phone,FIDO Mobile,1095,,,,
2020,February,2/15/20, $9.74 ,Fixed,Groceries,Save on Foods,1095,,,,
2020,February,2/15/20, $78.77 ,Fixed,Groceries,Save on Foods,1095,Credit Card Cut,,,
2020,February,2/22/20, $56.09 ,Fixed,Groceries,Save on Foods,1095,,,,
2020,February,2/25/20, $7.99 ,Fixed,Groceries,Save on Foods,1095,,,,
2020,February,2/25/20, $16.99 ,Fixed,Medicine,University Pharmacy,1095,,,,
2020,February,2/27/20, $32.86 ,Fixed,Groceries,Save on Foods,1095,,,,
2020,March,3/03/20, $64.20 ,Fixed,Groceries,Save on Foods,1095,,,,
2020,March,3/06/20, $12.29 ,Mindful Spending,Home,Dollar N Plus,1095,,,,
2020,March,3/07/20, $42.14 ,Fixed,Groceries,Save on Foods,1095,,,,
2020,March,3/11/20, $48.40 ,Fixed,Groceries,Save on Foods,1095,,,,
2020,March,3/13/20, $18.42 ,Fixed,Medicine,University Pharmacy,1095,,,,
2020,March,3/13/20, $11.19 ,Mindful Spending,Home,Dollar N Plus,1095,,,,
2020,March,3/13/20, $13.63 ,Mindful Spending,Restaurant,Donair Town,1095,,,,
2020,March,3/14/20, $135.02 ,Fixed,Groceries,Save on Foods,1095,,,,
2020,March,3/15/20, $59.54 ,Fixed,Groceries,Save on Foods,1095,Credit Card Cut,,,
2020,March,3/21/20, $81.29 ,Fixed,Groceries,Save on Foods,1095,,,,
2020,March,3/25/20, $27.54 ,Fixed,Groceries,Save on Foods,1095,,,,
2020,March,3/28/20, $66.02 ,Fixed,Groceries,Save on Foods,1095,,,,
2020,April,4/03/20, $76.44 ,Fixed,Groceries,Save on Foods,1095,,,,
2020,April,4/15/20, $26.63 ,Fixed,Groceries,Save on Foods,1095,,,,
2020,April,4/19/20, $21.71 ,Fixed,Groceries,Save on Foods,1095,,,,
2020,April,4/19/20, $55.51 ,Fixed,Groceries,Save on Foods,1095,Credit Card Cut,,,
2020,April,4/20/20, $15.29 ,Fixed,Groceries,Save on Foods,1095,,,,
2020,April,4/26/20, $42.66 ,Fixed,Groceries,Save on Foods,1095,,,,
2020,May,5/01/20, $82.72 ,Fixed,Groceries,Save on Foods,1095,,,,
2020,May,5/09/20, $75.77 ,Fixed,Groceries,Save on Foods,1095,,,,
2020,May,5/09/20, $21.74 ,Fixed,Groceries,Save on Foods,1095,,,,
2020,May,5/09/20, $14.97 ,Fixed,Groceries,Sungiven Foods,1095,,,,
2020,May,5/14/20, $61.60 ,Fixed,Groceries,Persia Foods,1095,,,,
2020,May,5/17/20, $14.93 ,Fixed,Groceries,FIDO Mobile,1095,,,,
2020,May,5/17/20, $37.30 ,Fixed,Groceries,Sungiven Foods,1095,,,,
2020,May,5/19/20, $7.34 ,Mindful Spending,Restaurant,A&W Marine Gateway,8501,,,,
2020,May,5/19/20, $85.80 ,Fixed,Groceries,Save on Foods,1095,,,,
2020,May,5/21/20, $29.08 ,Fixed,Groceries,Save on Foods,1095,,,,
2020,May,5/23/20, $14.47 ,Mindful Spending,Restaurant,Nori Bento & Udon,8501,,,,
2020,May,5/24/20, $111.94 ,Fixed,Groceries,Loblaws City Market,8501,,,,
2020,May,5/24/20, $26.68 ,Fixed,Groceries,Save on Foods,1095,,,,
2020,May,5/25/20, $25.72 ,Mindful Spending,Home,Dollar N Plus,8501,,,,
2020,May,5/26/20, $20.90 ,Mindful Spending,Restaurant,Sun Sushi Restaurant,8501,,,,
2020,May,5/27/20, $8.93 ,Mindful Spending,Restaurant,Petra Café,8501,,,,
2020,May,5/30/20, $43.94 ,Fixed,Groceries,Save on Foods,1095,,,,
2020,May,5/30/20, $40.79 ,Fixed,Groceries,Sungiven Foods,1095,,,,
2020,May,5/31/20, $6.30 ,Mindful Spending,Restaurant,Kung Fu Tea,8501,,,,
2020,May,5/31/20, $15.56 ,Mindful Spending,Restaurant,Donair Dude,8501,,,,
2020,June,6/01/20, $21.27 ,Mindful Spending,Other,Shoppers Drug Mart,8501,,,,
2020,June,6/01/20, $25.76 ,Mindful Spending,Restaurant,Harambe Restaurant,8501,,,,
2020,June,6/02/20, $83.99 ,Fixed,Groceries,Popeye's Suplements,8501,,,,
2020,June,6/02/20, $10.23 ,Fixed,Medicine,University Pharmacy,1095,,,,
2020,June,6/06/20, $7.54 ,Mindful Spending,Restaurant,Tim Hortons,8501,,,,
2020,June,6/06/20, $27.23 ,Fixed,Groceries,Save on Foods,1095,,,,
2020,June,6/08/20, $91.25 ,Fixed,Groceries,Jason's No Frills,8501,,,,
2020,June,6/09/20, $20.50 ,Mindful Spending,Restaurant,La Taqueria Pinche Taco,8501,,,,
2020,June,6/12/20, $26.50 ,Mindful Spending,Restaurant,Trattoria,8501,,,,
2020,June,6/13/20, $37.50 ,Fixed,Medical Insurance (Ext),MSP,8501,,,,
2020,June,6/13/20, $16.77 ,Fixed,Groceries,Sungiven Foods,1095,,,,
2020,June,6/14/20, $53.80 ,Fixed,Phone,FIDO Mobile,8501,,,,
2020,June,6/14/20, $61.60 ,Fixed,Phone,FIDO Mobile,1095,,,,
2020,June,6/16/20, $64.72 ,Fixed,Groceries,Save on Foods,1095,Credit Card Cut,,,
2020,June,6/17/20, $49.11 ,Fixed,Groceries,Save on Foods,8501,,,,
2020,June,6/20/20, $66.51 ,Fixed,Groceries,Save on Foods,8501,,,,
2020,June,6/21/20, $10.89 ,Mindful Spending,Restaurant,Uncle Fatih's Pizza,8501,,,,
2020,June,6/21/20, $63.97 ,Fixed,Groceries,Save on Foods,1095,,,,
2020,June,6/23/20, $24.86 ,Fixed,Groceries,Save on Foods,8501,,,,
2020,June,6/23/20, $28.88 ,Fixed,Medicine,University Pharmacy,8501,,,,
2020,June,6/23/20, $8.93 ,Mindful Spending,Restaurant,Petra Café,8501,,,,
2020,June,6/23/20, $10.95 ,Mindful Spending,Restaurant,Sushi,1095,,,,
2020,June,6/25/20, $81.13 ,Fixed,Groceries,Save on Foods,8501,,,,
2020,June,6/25/20, $89.09 ,Fixed,Groceries,Save on Foods,1095,,,,
2020,June,6/27/20, $8.93 ,Mindful Spending,Restaurant,Petra Café,8501,,,,
2020,June,6/27/20, $11.59 ,Fixed,Groceries,BC Liquor Store,1095,,,,
2020,June,6/29/20, $33.42 ,Fixed,Groceries,Save on Foods,8501,,,,
2020,June,6/29/20, $96.47 ,Fixed,Groceries,Save on Foods,1095,,,,
2020,June,6/30/20, $28.77 ,Fixed,Groceries,Save on Foods,8501,,,,
2020,July,7/03/20, $56.00 ,Fixed,Groceries,Save on Foods,8501,,,,
2020,July,7/03/20, $30.50 ,Fixed,Groceries,Save on Foods,1095,,,,
2020,July,7/05/20, $6.72 ,Mindful Spending,Home,Your Dollar Store,1095,,,,
2020,July,7/06/20, $33.10 ,Fixed,Groceries,Save on Foods,8501,,,,
2020,July,7/07/20, $64.65 ,Fixed,Groceries,Save on Foods,1095,,,,
2020,July,7/09/20, $26.72 ,Fixed,Groceries,Save on Foods,8501,,,,
2020,July,7/11/20, $8.93 ,Mindful Spending,Restaurant,Petra Café,8501,,,,
2020,July,7/11/20, $37.50 ,Fixed,Medical Insurance (Ext),MSP,8501,,,,
2020,July,7/11/20, $10.99 ,Fixed,Groceries,Save on Foods,1095,,,,
2020,July,7/12/20, $13.43 ,Mindful Spending,Restaurant,In N Out Burger,8501,Credit Card Cut,,,
2020,July,7/13/20, $15.39 ,Mindful Spending,Restaurant,Escape from NY Pizza,8501,,,,
2020,July,7/13/20, $13.85 ,Mindful Spending,Restaurant,SABELLA & LATORRE,8501,,,,
2020,July,7/13/20, $9.13 ,Fixed,Groceries,Safeway,8501,,,,
2020,July,7/14/20, $7.86 ,Fixed,Groceries,Safeway,8501,,,,
2020,July,7/14/20, $26.15 ,Mindful Spending,Restaurant,Burma Superstar Oakla,8501,,,,
2020,July,7/14/20, $50.59 ,Fixed,Phone,FIDO Mobile,8501,,,,
2020,July,7/14/20, $61.60 ,Fixed,Phone,FIDO Mobile,1095,,,,
2020,July,7/15/20, $21.10 ,Mindful Spending,Restaurant,Burger King,8501,,,,
2020,July,7/15/20, $6.54 ,Mindful Spending,Other,Uber Trip,8501,,,,
2020,July,7/16/20, $60.53 ,Fixed,Groceries,Save on Foods,8501,,,,
2020,July,7/16/20, $53.30 ,Mindful Spending,Other,Uber Trip,8501,,,,
2020,July,7/16/20, $21.26 ,Fixed,Groceries,Save on Foods,1095,,,,
2020,July,7/17/20, $27.99 ,Mindful Spending,Home,Winners,1095,,,,
2020,July,7/18/20, $14.70 ,Mindful Spending,Restaurant,Virtuos Pie,8501,,,,
2020,July,7/18/20, $8.93 ,Mindful Spending,Restaurant,Petra Café,8501,,,,
2020,July,7/18/20, $85.28 ,Fixed,Groceries,No Frills,1095,,,,
2020,July,7/18/20, $9.99 ,Fixed,Groceries,Save on Foods,1095,,,,
2020,July,7/19/20, $29.51 ,Mindful Spending,Other,Shopper's Drug Mart,1095,,,,
2020,July,7/19/20, $114.15 ,Fixed,Groceries,No Frills,1095,Credit Card Cut,,,
2020,July,7/20/20, $106.40 ,Mindful Spending,Restaurant,The Raven & The Bear,8501,,,,
2020,July,7/20/20, $21.22 ,Fixed,Groceries,Save on Foods,8501,,,,
2020,July,7/21/20, $10.22 ,Fixed,Groceries,Save on Foods,8501,,,,
2020,July,7/22/20, $23.38 ,Fixed,Groceries,Save on Foods,8501,,,,
2020,July,7/22/20, $28.94 ,Fixed,Groceries,Save on Foods,1095,,,,
2020,July,7/23/20, $22.94 ,Mindful Spending,Restaurant,Olympia Pizza,8501,Credit Card Cut,,,
2020,July,7/24/20, $43.73 ,Fixed,Groceries,No Frills,1095,,,,
2020,July,7/29/20, $32.48 ,Fixed,Groceries,Save on Foods,1095,,,,
2020,August,8/01/20, $45.78 ,Fixed,Groceries,No Frills,1095,,,,
2020,August,8/02/20, $16.58 ,Fixed,Groceries,Laurelles's Fine Foods,1095,,,,
2020,August,8/06/20, $15.58 ,Fixed,Groceries,Save on Foods,1095,,,,
2020,August,8/07/20, $9.99 ,Fixed,Groceries,Save on Foods,1095,,,,
2020,August,8/07/20, $31.33 ,Fixed,Medicine,University Pharmacy,1095,,,,
2020,August,8/12/20, $44.81 ,Fixed,Groceries,Save on Foods,1095,,,,
2020,August,8/14/20, $61.60 ,Fixed,Phone,FIDO Mobile,1095,,,,
2020,August,8/15/20, $90.30 ,Fixed,Groceries,No Frills,1095,Credit Card Cut,,,
2020,August,8/22/20, $15.03 ,Fixed,Groceries,Save on Foods,1095,,,,
2020,August,8/22/20, $42.29 ,Fixed,Groceries,No Frills,1095,,,,
2020,August,8/26/20, $10.07 ,Mindful Spending,Other,Shoppers Drug Mart,1095,,,,
2020,August,8/26/20, $29.69 ,Fixed,Groceries,Save on Foods,1095,,,,
2020,August,8/30/20, $53.88 ,Fixed,Groceries,Save on Foods,1095,,,,
2020,September,9/05/20, $71.85 ,Fixed,Groceries,No Frills,1095,,,,
2020,September,9/06/20, $11.77 ,Mindful Spending,Home,Your Dollar Store with More,1095,,,,
2020,September,9/12/20, $90.80 ,Fixed,Groceries,No Frills,1095,,,,
2020,September,9/13/20, $13.44 ,Mindful Spending,Home,Your Dollar Store with More,1095,,,,
2020,September,9/14/20, $17.42 ,Fixed,Groceries,Save on Foods,1095,,,,
2020,September,9/14/20, $61.60 ,Fixed,Phone,FIDO Mobile,1095,,,,
2020,September,9/19/20, $53.95 ,Fixed,Groceries,No Frills,1095,Credit Card Cut,,,
2020,September,9/20/20, $19.53 ,Fixed,Groceries,Save on Foods,1095,,,,
2020,September,9/26/20, $49.49 ,Fixed,Groceries,No Frills,1095,,,,
2020,September,9/26/20, $10.99 ,Fixed,Groceries,Save on Foods,1095,,,,
2020,October,10/01/20, $23.08 ,Fixed,Groceries,Save on Foods,1095,,,,
2020,October,10/01/20," $1,040.00 ",Fixed,Rent,UBC Properties,9880,,,,
2020,October,10/02/20, $12.02 ,Fixed,Groceries,Save on Foods,1095,,,,
2020,October,10/03/20, $4.57 ,Mindful Spending,Restaurant,BLENZ WESBROOK VANCOUVER BC,7017,,,,
2020,October,10/07/20, $14.69 ,Mindful Spending,Home,AMZN Mktp CA*MK8HY20I0,7017,,,,
2020,October,10/09/20, $4.99 ,Subscription Services,Spotify,Spotify P11A9C8BBB,7017,,,,
2020,October,10/09/20, $46.06 ,Mindful Spending,Entertainment,EVENTBRITE/SHATTEREDTH,7017,,,,
2020,October,10/10/20, $22.01 ,Fixed,Groceries,Save on Foods,1095,,,,
2020,October,10/10/20, $26.00 ,Fixed,Transit,Compass-Translink,7017,,,,
2020,October,10/10/20, $7.64 ,Mindful Spending,Restaurant,7 ELEVEN STORE #32893,7017,,,,
2020,October,10/10/20, $33.21 ,Mindful Spending,Restaurant,WILDTALE VANCOUVER BC,7017,,,,
2020,October,10/11/20, $6.63 ,Mindful Spending,Other,EvoCarShare Burnaby BC,7017,,,,
2020,October,10/14/20, $98.91 ,Fixed,Groceries,No Frills,1095,,,,
2020,October,10/14/20, $61.60 ,Fixed,Phone,FIDO Mobile,1095,,,,
2020,October,10/14/20, $15.73 ,Mindful Spending,Restaurant,Petra Café,1095,,,,
2020,October,10/16/20, $21.31 ,Fixed,Medicine,University Pharmacy,1095,,,,
2020,October,10/16/20, $15.24 ,Fixed,Groceries,Save on Foods,1095,,,,
2020,October,10/16/20, $12.99 ,Mindful Spending,Home,AMZN Mktp CA*2T4MW8CP2,7017,,,,
2020,October,10/17/20, $25.06 ,Mindful Spending,Restaurant,CACTUS CLUB COAL HARBO,7017,,,,
2020,October,10/21/20, $24.65 ,Fixed,Groceries,Save on Foods,1095,,,,
2020,October,10/24/20, $19.59 ,Mindful Spending,Clothes,OLD NAVY 4218,7017,,,,
2020,October,10/24/20, $117.37 ,Fixed,Groceries,No Frills,1095,,,,
2020,October,10/30/20, $16.79 ,Mindful Spending,Home,AMZN Mktp CA*288VD6JG1,7017,,,,
2020,October,10/30/20, $191.52 ,Subscription Services,Grammarly,GRAMMARLY COXSAMP3J ,7017,,,,
2020,October,10/30/20, $19.17 ,Fixed,Groceries,Save on Foods,1095,,,,
2020,October,10/31/20, $15.28 ,Fixed,Groceries,Save on Foods,1095,,,,
2020,October,10/31/20, $20.00 ,Fixed,Transit,Compass-Translink,7017,,,,
2020,October,10/31/20, $24.58 ,Mindful Spending,Restaurant,MILA RESTAURANT,7017,,,,
2020,October,10/31/20, $100.58 ,Mindful Spending,Clothes,UNIQLO RICHMOND #2005,7017,,,,
2020,November,11/01/20," $1,040.00 ",Fixed,Rent,UBC Properties,9880,,,,
2020,November,11/03/20, $340.00 ,Mindful Spending,Gov. Services,CITIZEN&IMM-EAPPS ENLI,7017,PGWP,,,
2020,November,11/06/20, $71.49 ,Mindful Spending,Other,EvoCarShare Burnaby BC,7017,Inno Foods Interview,,,
2020,November,11/06/20, $96.50 ,Fixed,Groceries,No Frills,1095,,,,
2020,November,11/06/20, $30.25 ,Fixed,Groceries,Save on Foods,1095,,,,
2020,November,11/08/20, $3.94 ,Mindful Spending,Restaurant,ROCANINI COFFEE ROASTERS VANCOUVER BC,7017,,,,
2020,November,11/08/20, $8.93 ,Mindful Spending,Other,EvoCarShare Burnaby BC,7017,,,,
2020,November,11/09/20, $4.99 ,Subscription Services,Spotify,"	Spotify P1214B466F",7017,,,,
2020,November,11/09/20, $8.95 ,Mindful Spending,Other,Stationary 2000,7017,,,,
2020,November,11/10/20, $17.49 ,Fixed,Groceries,Save on Foods,1095,,,,
2020,November,11/12/20, $35.14 ,Fixed,Groceries,Save on Foods,7017,,,,
2020,November,11/13/20, $40.00 ,Fixed,Utilities,Coinamatic,7017,,,,
2020,November,11/14/20, $61.60 ,Fixed,Phone,FIDO Mobile,1095,,,,
2020,November,11/14/20, $29.69 ,Mindful Spending,Home,Amazon MKT Place,7017,,,,
2020,November,11/15/20, $31.77 ,Fixed,Groceries,SunGiven Foods,1095,,,,
2020,November,11/15/20, $23.17 ,Mindful Spending,Restaurant,Donair Dude,1095,,,,
2020,November,11/16/20, $10.00 ,Fixed,Transit,Compass-Translink,7017,,,,
2020,November,11/16/20, $30.19 ,Fixed,Groceries,Save on Foods,1095,,,,
2020,November,11/18/20, $12.99 ,Mindful Spending,Home,Amazon MKT Place,7017,,,,
2020,November,11/18/20, $18.88 ,Mindful Spending,Home,Amazon MKT Place,7017,,,,
2020,November,11/18/20, $67.57 ,Mindful Spending,Home,Amazon MKT Place,7017,,,,
2020,November,11/21/20, $101.64 ,Fixed,Groceries,No Frills,1095,,,,
2020,November,11/21/20, $1.99 ,Fixed,Groceries,Shoppers Drug Mart,7017,,,,
2020,November,11/23/20, $10.00 ,Fixed,Transit,Compass-Translink,7017,,,,
2020,November,11/25/20, $86.98 ,Fixed,Medicine,University Pharmacy,1095,,,,
2020,November,11/25/20, $9.42 ,Mindful Spending,Restaurant,Petra Café,1095,,,,
2020,November,11/26/20, $17.91 ,Mindful Spending,Other,EvoCarShare Burnaby BC,7017,,,,
2020,November,11/27/20, $8.69 ,Fixed,Groceries,Save on Foods,1095,,,,
2020,November,11/27/20, $64.04 ,Fixed,Medicine,University Pharmacy,1095,,,,
2020,November,11/28/20, $41.07 ,Fixed,Groceries,Save on Foods,1095,,,,
2020,November,11/29/20, $4.13 ,Mindful Spending,Restaurant,ROCANINI COFFEE ROASTERS VANCOUVER BC,7017,,,,
2020,November,11/29/20, $6.67 ,Subscription Services,Medium,MEDIUM,7017,,,,
2020,December,12/01/20, $21.42 ,Mindful Spending,Restaurant,ZUBU RAMEN VANCOUVER BC,7017,,,,
2020,December,12/01/20," $1,040.00 ",Fixed,Rent,Wesbrook Properties,,,,,
2020,December,12/02/20, $675.00 ,Fixed,Medical Insurance (Ext),Revenue Services,7017,,,,
2020,December,12/04/20, $64.05 ,Fixed,Medicine,University Pharmacy,1095,,,,
2020,December,12/04/20, $9.10 ,Mindful Spending,Restaurant,Petra Café,1095,,,,
2020,December,12/05/20, $64.45 ,Fixed,Groceries,No Frills,1095,,,,
2020,December,12/06/20, $10.00 ,Fixed,Transit,Compass-Translink,7017,,,,
2020,December,12/09/20, $29.99 ,Mindful Spending,Other,Google Stadia,7017,,,,
2020,December,12/09/20, $4.99 ,Subscription Services,Spotify,Spotify,7017,,,,
2020,December,12/10/20, $89.99 ,Mindful Spending,Other,Google Stadia,7017,,,,
2020,December,12/12/20, $1.58 ,Mindful Spending,Other,EvoCarShare Burnaby BC,7017,,,,
2020,December,12/12/20, $68.28 ,Mindful Spending,Other,EvoCarShare Burnaby BC,7017,,,,
2020,December,12/13/20, $9.99 ,Fixed,Groceries,Save on Foods,1095,,,,
2020,December,12/14/20, $61.60 ,Fixed,Phone,FIDO Mobile,1095,,,,
2020,December,12/15/20, $10.00 ,Fixed,Transit,Compass-Translink,7017,,,,
2020,December,12/15/20, $75.00 ,Fixed,Medical Insurance (Ext),Revenue Services,1095,,,,
2020,December,12/15/20, $14.99 ,Mindful Spending,Other,Amazon Downloads,7017,E-book,,,
2020,December,12/18/20, $39.05 ,Fixed,Groceries,Save on Foods,1095,,,,
2020,December,12/19/20, $85.97 ,Fixed,Groceries,No Frills,1095,,,,
2020,December,12/20/20, $4.12 ,Mindful Spending,Restaurant,ROCANINI COFFEE ROASTERS VANCOUVER BC,7017,,,,
2020,December,12/22/20, $64.04 ,Fixed,Medicine,University Pharmacy,1095,,,,
2020,December,12/24/20, $10.00 ,Fixed,Transit,Compass-Translink,7017,,,,
2020,December,12/25/20, $15.36 ,Mindful Spending,Other,EvoCarShare Burnaby BC,7017,,,,
2020,December,12/25/20, $6.13 ,Fixed,Groceries,Persia Foods,7017,,,,
2020,December,12/25/20, $8.33 ,Mindful Spending,Restaurant,Trees Organic Coffee,7017,,,,
2020,December,12/26/20, $6.17 ,Mindful Spending,Other,EvoCarShare Burnaby BC,7017,,,,
2020,December,12/26/20, $10.00 ,Fixed,Transit,Compass-Translink,7017,,,,
2020,December,12/26/20, $16.80 ,Mindful Spending,Clothes,OLD NAVY 4218,7017,,,,
2020,December,12/26/20, $40.00 ,Fixed,Utilities,Coinamatic,7017,,,,
2020,December,12/26/20, $71.27 ,Fixed,Groceries,No Frills,1095,,,,
2020,December,12/27/20, $32.43 ,Mindful Spending,Restaurant,Earl's,7017,,,,
2020,December,12/27/20, $25.60 ,Mindful Spending,Restaurant,Yolk's,7017,,,,
2020,December,12/29/20, $6.59 ,Subscription Services,Medium,MEDIUM,7017,,,,
2020,December,12/29/20, $23.99 ,Fixed,Groceries,Save on Foods,1095,,,,
2021,January,1/01/21, $15.55 ,Fixed,Groceries,Save on Foods,1095,,,,
2021,January,1/01/21, $520.00 ,Fixed,Rent,Wesbrook Properties,9880,,,,
2021,January,1/01/21,-$30.00 ,Fixed,Utilities,Coinamatic,9880,,,,
2021,January,1/02/21, $10.00 ,Fixed,Transit,Compass-Translink,7017,,,,
2021,January,1/02/21, $23.00 ,Fixed,Haircut,Oxford Barbers Davie Street,Cash,,,,
2021,January,1/03/21, $16.38 ,Fixed,Groceries,Save on Foods,1095,,,,
2021,January,1/05/21, $10.00 ,Fixed,Transit,Compass-Translink,7017,,,,
2021,January,1/06/21, $50.00 ,Fixed,Gym,University Neighbourhood,7017,,,,
2021,January,1/09/21, $4.99 ,Subscription Services,Spotify,Spotify,7017,,,,
2021,January,1/09/21, $70.96 ,Fixed,Groceries,No Frills,1095,,,,
2021,January,1/09/21, $30.70 ,Mindful Spending,Restaurant,DoorDash - Sun Sunshi,1095,,,,
2021,January,1/10/21, $10.00 ,Fixed,Transit,Compass-Translink,7017,,,,
2021,January,1/10/21, $17.56 ,Fixed,Groceries,Save on Foods,1095,,,,
2021,January,1/12/21, $360.00 ,Mindful Spending,Other,Instructor Mario Driving Lessons,9880,,,,
2021,January,1/13/21, $10.00 ,Fixed,Transit,Compass-Translink,7017,,,,
2021,January,1/13/21, $2.99 ,Mindful Spending,Other,Aliexpress,7017,,,,
2021,January,1/13/21, $3.03 ,Mindful Spending,Other,Aliexpress,7017,,,,
2021,January,1/13/21, $3.60 ,Mindful Spending,Other,Aliexpress,7017,,,,
2021,January,1/14/21, $61.60 ,Fixed,Phone,FIDO Mobile,1095,,,,
2021,January,1/15/21, $1.58 ,Mindful Spending,Other,EvoCarShare Burnaby BC,7017,Interview,,,
2021,January,1/16/21, $3.47 ,Fixed,Groceries,Persia Foods,7017,,,,
2021,January,1/16/21, $4.13 ,Mindful Spending,Restaurant,ROCANINI COFFEE ROASTERS VANCOUVER BC,7017,,,,
2021,January,1/16/21, $66.18 ,Mindful Spending,Other,EvoCarShare Burnaby BC,7017,Interview,,,
2021,January,1/17/21, $10.00 ,Fixed,Transit,Compass-Translink,7017,,,,
2021,January,1/18/21, $21.38 ,Fixed,Groceries,Save on Foods,1095,,,,
2021,January,1/19/21, $69.65 ,Mindful Spending,Other,EvoCarShare Burnaby BC,7017,Interview,,,
2021,January,1/19/21, $20.00 ,Mindful Spending,Other,7 ELEVEN STORE 37853 BURNABY BC,7017,EvoCar Gas,,,
2021,January,1/21/21, $9.96 ,Fixed,Medicine,Shoppers Drug Mart,1095,,,,
2021,January,1/21/21, $26.55 ,Fixed,Groceries,Save on Foods,1095,,,,
2021,January,1/22/21, $94.44 ,Fixed,Groceries,No Frills,1095,,,,
2021,January,1/23/21, $27.99 ,Mindful Spending,Other,Canadian Tire,7017,Boots Mario's Gelati,,,
2021,January,1/25/21, $17.30 ,Fixed,Groceries,Save on Foods,7017,,,,
2021,January,1/23/21, $6.04 ,Mindful Spending,Restaurant,Faculty Brewing Co,7017,,,,
2021,January,1/24/21, $12.26 ,Mindful Spending,Restaurant,A&W Pacific Center,1095,,,,
2021,January,1/27/21, $56.00 ,Mindful Spending,Gov. Services,Deprez & Associates,7017,PharmaCare Affidavit,,,
2021,January,1/28/21, $21.16 ,Fixed,Groceries,Save on Foods,7017,,,,
2020,January,1/29/20, $52.76 ,Fixed,Groceries,No Frills,1095,,,,
2021,January,1/30/21, $3.55 ,Mindful Spending,Other,Aliexpress,7017,Phone Repair Accessories,,,
2021,January,1/30/21, $28.00 ,Mindful Spending,Other,MUJI,7017,Umbrella,,,
2021,January,1/30/21, $10.00 ,Fixed,Transit,Compass-Translink,7017,,,,
2021,January,1/30/21, $15.48 ,Fixed,Groceries,Save on Foods,1095,,,,
2021,February,2/01/21, $520.00 ,Fixed,Rent,Wesbrook Properties,9880,,,,
2021,February,2/01/21, $10.00 ,Fixed,Transit,Compass-Translink,7017,,,,
2021,February,2/01/21, $98.00 ,Fixed,Transit,Compass-Translink,7017,Monthly pass,,,
2021,February,2/05/21, $9.99 ,Mindful Spending,Other,Amazon,7017,Phone Repair Accessories,,,
2021,February,2/05/21, $11.58 ,Mindful Spending,Other,Amazon,7017,Headphones,,,
2021,February,2/06/21, $4.58 ,Mindful Spending,Other,Aliexpress,7017,Phone Repair Accessories,,,
2021,February,2/06/21, $70.13 ,Fixed,Groceries,No Frills,1095,,,,
2021,February,2/07/21, $360.00 ,Mindful Spending,Other,Instructor Mario Driving Lessons,9880,,,,
2021,February,2/07/21, $6.04 ,Mindful Spending,Other,Staples,7017,,,,
2021,February,2/07/21, $14.55 ,Fixed,Groceries,Save on Foods,1095,,,,
2021,February,2/08/21, $6.58 ,Subscription Services,Medium,MEDIUM,7017,,,,
2021,February,2/10/21, $200.00 ,Mindful Spending,Other,Instructor Mario Driving Lessons,9880,,,,
2021,February,2/10/21, $50.00 ,Mindful Spending,Gov. Services,Driver Services North Van,7017,Driver Test,,,
2021,February,2/12/21, $45.86 ,Fixed,Groceries,No Frills,1095,,,,
2021,February,2/12/21, $12.00 ,Mindful Spending,Education,Coursera,7017,Data Science Course,,,
2021,February,2/12/21, $9.99 ,Fixed,Groceries,IGA,1095,,,,
2021,February,2/14/21, $61.60 ,Fixed,Phone,FIDO Mobile,1095,,,,
2021,February,2/14/21, $49.73 ,Mindful Spending,Restaurant,Local Gastown,7017,,,,
2021,February,2/15/21, $8.44 ,Fixed,Groceries,Save on Foods,1095,,,,
2021,February,2/18/21, $44.53 ,Fixed,Groceries,The Very Good Butchers,7017,,,,
2021,February,2/19/21, $38.91 ,Fixed,Groceries,No Frills,1095,,,,
2021,February,2/20/21, $11.53 ,Fixed,Groceries,H Mart Express,1095,,,,
2021,February,2/20/21, $17.28 ,Fixed,Groceries,Save on Foods,1095,,,,
2021,February,2/21/21, $12.93 ,Mindful Spending,Restaurant,Rain or Shine,7017,,,,
2021,February,2/25/21, $8.45 ,Fixed,Groceries,Save on Foods,1095,,,,
2021,February,2/27/21, $44.10 ,Mindful Spending,Restaurant,Au Comptoir Holdings,7017,,,,
2021,February,2/27/21, $23.10 ,Fixed,Haircut,Oxford Barbers Davie Street,7017,,,,
2021,February,2/27/21, $61.70 ,Fixed,Groceries,No Frills,1095,,,,
2021,March,3/01/21, $520.00 ,Fixed,Rent,Wesbrook Properties,9880,,,,
2021,March,3/08/21, $6.58 ,Subscription Services,Medium,MEDIUM,7017,,,,
2021,March,3/04/21, $98.00 ,Fixed,Transit,Compass-Translink,7017,,,,
2021,March,3/05/21, $22.26 ,Fixed,Groceries,Save on Foods,1095,,,,
2021,March,3/06/21, $14.62 ,Fixed,Groceries,Save on Foods,1095,,,,
2021,March,3/06/21, $36.91 ,Fixed,Groceries,No Frills,1095,,,,
2021,March,3/07/21, $2.23 ,Fixed,Groceries,Shoppers Drug Mart,7017,,,,
2021,March,3/09/21, $4.99 ,Subscription Services,Spotify,Spotify,7017,,,,
2021,March,3/09/21, $157.50 ,Mindful Spending,Gov. Services,Immigration Consultant Sebastien,9880,,,,
2021,March,3/13/21, $82.81 ,Fixed,Groceries,No Frills,7017,,,,
2021,March,3/14/21, $4.19 ,Fixed,Groceries,Save on Foods,7017,,,,
2021,March,3/14/21, $68.99 ,Fixed,Phone,FIDO Mobile,1095,,,,
2021,March,3/11/21, $10.27 ,Mindful Spending,Home,Amazon,7017,,,,
2021,March,3/14/21, $10.00 ,Fixed,Utilities,Coinamatic,7017,,,,
2021,March,3/17/21, $5.05 ,Mindful Spending,Other,Staples,7017,,,,
2021,March,3/17/21, $1.34 ,Mindful Spending,Other,Staples,7017,,,,
2021,March,3/17/21, $56.00 ,Mindful Spending,Gov. Services,Depez & Associates,7017,Common Law Oath,,,
2021,March,3/20/21, $77.69 ,Fixed,Groceries,No Frills,7017,,,,
2021,March,3/20/21, $9.50 ,Mindful Spending,Restaurant,Viva Café & Bakery,7017,,,,
2021,March,3/21/21, $13.11 ,Mindful Spending,Restaurant,A&W,7017,,,,
2021,March,3/21/21, $22.99 ,Fixed,Groceries,Main Street Honey Shop,7017,,,,
2021,March,3/21/21, $24.64 ,Mindful Spending,Home,Amazon,7017,,,,
2021,March,3/23/21, $14.34 ,Mindful Spending,Home,Amazon,7017,,,,
2021,March,3/27/21, $62.99 ,Mindful Spending,Clothes,Mark's,7017,Rubber Safety Boots,,,
2021,March,3/27/21, $56.74 ,Fixed,Groceries,Save on Foods,7017,,,,
2021,March,3/30/21, $12.52 ,Fixed,Groceries,Save on Foods,7017,,,,
2021,April,4/01/21, $520.00 ,Fixed,Rent,Wesbrook Properties,9880,,,,
2021,April,4/01/21, $10.00 ,Fixed,Transit,Compass-Translink,7017,,,,
2021,April,4/01/21, $98.00 ,Fixed,Transit,Compass-Translink,7017,,,,
2021,April,4/02/21, $44.80 ,Mindful Spending,Clothes,Amazon,7017,,,,
2021,April,4/02/21, $66.81 ,Mindful Spending,Clothes,Uniqlo Richmond,7017,,,,
2021,April,4/02/21, $89.55 ,Mindful Spending,Clothes,MEC,7017,Work Backpack,,,
2021,April,4/02/21, $62.06 ,Fixed,Groceries,No Frills,7017,,,,
2021,April,4/05/21, $18.69 ,Mindful Spending,Home,Amazon,7017,,,,
2021,April,4/05/21, $44.80 ,Mindful Spending,Clothes,Amazon,7017,,,,
2021,April,4/05/21, $10.07 ,Mindful Spending,Other,SODA-SNACK VENDING TORONTO ON,7017,Keys Plant Rupert,,,
2021,April,4/10/21, $159.40 ,Mindful Spending,Other,Get Kush Weed,9880,,,,
2021,April,4/08/21, $6.58 ,Subscription Services,Medium,MEDIUM,7017,,,,
2021,April,4/09/21, $5.34 ,Subscription Services,Spotify,Spotify,7017,,,,
2021,April,4/09/21, $41.47 ,Fixed,Groceries,No Frills,7017,,,,
2021,April,4/09/21, $13.00 ,Fixed,Groceries,Save on Foods,7017,,,,
2021,April,4/12/21, $12.15 ,Fixed,Groceries,Save on Foods,7017,,,,
2021,April,4/14/21, $61.20 ,Fixed,Phone,FIDO Mobile,1095,,,,
2021,April,4/14/21, $10.00 ,Fixed,Utilities,Coinamatic,7017,,,,
2021,April,4/16/21, $82.73 ,Fixed,Groceries,No Frills,7017,,,,
2021,April,4/17/21, $325.00 ,Mindful Spending,Gov. Services,IELT Exam,7017,PR,,,
2021,April,4/18/21, $10.54 ,Fixed,Groceries,Save on Foods,7017,,,,
2021,April,4/23/21, $11.19 ,Fixed,Groceries,Save on Foods,7017,,,,
2021,April,4/24/21, $60.06 ,Fixed,Groceries,No Frills,7017,,,,
2021,April,4/24/21, $21.98 ,Fixed,Groceries,Save on Foods,7017,,,,
2021,April,4/24/21, $47.76 ,Mindful Spending,Restaurant,DoorDash - Sun Sunshi,7017,,,,
2021,April,4/27/21, $98.00 ,Fixed,Transit,Compass-Translink,7017,May Pass,,,
2021,April,4/28/21, $64.99 ,Mindful Spending,Technology,Amazon,7017,,,,
2021,April,4/29/21, $52.48 ,Fixed,Groceries,Canadian Protein,7017,,,,
2021,April,4/30/21, $7.94 ,Fixed,Groceries,Save on Foods,7017,,,,
2021,May,5/01/21, $560.00 ,Fixed,Rent,Wesbrook Properties,9880,,,,
2021,May,5/01/21, $25.50 ,Fixed,Haircut,Oxford Barbers Davie Street,7017,,,,
2021,May,5/01/21, $52.31 ,Fixed,Groceries,No Frills,7017,,,,
2021,May,5/01/21, $15.91 ,Fixed,Groceries,Save on Foods,7017,,,,
2021,May,5/08/21, $6.25 ,Subscription Services,Medium,MEDIUM,7017,,,,
2021,May,5/08/21, $92.03 ,Fixed,Groceries,No Frills,7017,,,,
2021,May,5/08/21, $38.20 ,Fixed,Groceries,Save on Foods,7017,,,,
2021,May,5/09/21, $17.92 ,Mindful Spending,Clothes,Amazon,7017,,,,
2021,May,5/09/21, $5.34 ,Subscription Services,Spotify,Spotify,7017,,,,
2021,May,5/09/21, $15.82 ,Mindful Spending,Technology,Aliexpress,7017,Battery Kindle,,,
2021,May,5/10/21, $5.70 ,Fixed,Groceries,Save on Foods,7017,,,,
2021,May,5/11/21, $17.92 ,Mindful Spending,Clothes,Amazon,7017,,,,
2021,May,5/14/21, $61.20 ,Fixed,Phone,FIDO Mobile,1095,,,,
2021,May,5/15/21, $7.30 ,Fixed,Groceries,Save on Foods,7017,,,,
2021,May,5/15/21, $31.96 ,Fixed,Groceries,Save on Foods,7017,,,,
2021,May,5/16/21, $20.00 ,Fixed,Utilities,Coinamatic,7017,,,,
2021,May,5/21/21, $16.21 ,Fixed,Groceries,Save on Foods,7017,,,,
2021,May,5/22/21, $92.91 ,Fixed,Groceries,No Frills,7017,,,,
2021,May,5/22/21, $36.23 ,Fixed,Groceries,Save on Foods,7017,,,,
2021,May,5/22/21, $11.67 ,Mindful Spending,Technology,Aliexpress,7017,,,,
2021,May,5/23/21, $40.92 ,Mindful Spending,Home,Amazon,7017,,,,
2021,May,5/23/21, $14.45 ,Fixed,Groceries,Save on Foods,7017,,,,
2021,May,5/24/21, $6.49 ,Fixed,Groceries,H-Mart,7017,,,,
2021,May,5/25/21, $75.00 ,Mindful Spending,Home,Wesbrook Properties,9880,Extra key and fob,,,
2021,May,5/27/21, $98.00 ,Fixed,Transit,Compass-Translink,7017,June Pass,,,
2021,May,5/29/21, $3.14 ,Mindful Spending,Other,Amazon,7017,Kindle Book,,,
2021,May,5/30/21, $49.06 ,Fixed,Groceries,Save on Foods,7017,,,,
2021,June,6/01/21, $520.00 ,Fixed,Rent,Wesbrook Properties,9880,,,,
2021,June,6/02/21, $16.99 ,Fixed,Groceries,Save on Foods,7017,,,,
2021,June,6/05/21, $46.35 ,Fixed,Groceries,Save on Foods,7017,,,,
2021,June,6/06/21, $20.00 ,Fixed,Utilities,Coinamatic,7017,,,,
2021,June,6/06/21, $6.20 ,Subscription Services,Medium,MEDIUM,7017,,,,
2021,June,6/09/21, $5.34 ,Subscription Services,Spotify,Spotify,7017,,,,
2021,June,6/10/21, $26.62 ,Fixed,Groceries,Save on Foods,7017,,,,
2021,June,6/12/21, $75.19 ,Fixed,Groceries,No Frills,7017,,,,
2021,June,6/12/21, $26.25 ,Mindful Spending,Restaurant,Grano Pizzeria,9880,,,,
2021,June,6/13/21, $20.29 ,Fixed,Groceries,Save on Foods,7017,,,,
2021,June,6/14/21, $61.20 ,Fixed,Phone,FIDO Mobile,1095,,,,
2021,June,6/18/21, $51.11 ,Fixed,Groceries,Save on Foods,7017,,,,
2021,June,6/20/21, $8.92 ,Mindful Spending,Restaurant,Rain or Shine,7017,,,,
2021,June,6/23/21, $25.96 ,Fixed,Groceries,Save on Foods,7017,,,,
2021,June,6/25/21, $93.51 ,Fixed,Groceries,No Frills,7017,,,,
2021,June,6/25/21, $23.09 ,Fixed,Haircut,Oxford Barbers Davie Street,7017,,,,
2021,June,6/25/21, $21.00 ,Mindful Spending,Restaurant,Best Bite Donair,7017,,,,
2021,June,6/26/21, $12.19 ,Fixed,Groceries,Save on Foods,7017,,,,
2021,June,6/27/21, $24.72 ,Fixed,Insurance,TD Insurance,7017,Tenant Insurance,,,
2021,June,6/27/21, $11.00 ,Mindful Spending,Restaurant,Donair Pro,Cash,,,,
2021,June,6/28/21, $72.73 ,Mindful Spending,Home,Amazon,7017,,,,
2021,June,6/28/21, $100.25 ,Fixed,Transit,Compass-Translink,7017,July Pass,,,
2021,June,6/29/21, $55.50 ,Mindful Spending,Restaurant,De Dutch,7017,,,,
2021,July,7/08/21, $6.46 ,Subscription Services,Medium,MEDIUM,7017,,,,
2021,July,7/09/21, $5.59 ,Subscription Services,Spotify,Spotify,7017,,,,
2021,July,7/14/21, $61.60 ,Fixed,Phone,FIDO Mobile,1095,,,,
2021,July,7/01/21, $520.00 ,Fixed,Rent,Wesbrook Properties,9880,,,,
2021,July,7/01/21, $33.68 ,Fixed,Groceries,Save on Foods,7017,,,,
2021,July,7/01/21, $17.22 ,Mindful Spending,Clothes,Amazon,7017,,,,
2021,July,7/01/21, $12.31 ,Mindful Spending,Technology,Amazon,7017,,,,
2021,July,7/03/21, $41.90 ,Mindful Spending,Restaurant,Browns Crafthouse UBC,7017,,,,
2021,July,7/03/21, $10.07 ,Fixed,Groceries,Save on Foods,7017,,,,
2021,July,7/03/21, $17.19 ,Mindful Spending,Restaurant,Biercraft Wesbrook,7017,,,,
2021,July,7/04/21, $20.15 ,Mindful Spending,Restaurant,Sun Sushi,9880,,,,
2021,July,7/05/21, $21.00 ,Fixed,Groceries,Save on Foods,7017,,,,
2021,July,7/07/21, $13.47 ,Fixed,Groceries,Save on Foods,7017,,,,
2021,July,7/09/21, $125.99 ,Fixed,Groceries,Canadian Protein,7017,Protein,,,
2021,July,7/10/21, $13.48 ,Fixed,Groceries,Save on Foods,7017,,,,
2021,July,7/10/21, $15.94 ,Fixed,Groceries,Save on Foods,7017,,,,
2021,July,7/11/21, $33.76 ,Fixed,Groceries,Save on Foods,7017,,,,
2021,July,7/11/21, $20.00 ,Fixed,Utilities,Coinamatic,7017,,,,
2021,July,7/13/21, $19.42 ,Mindful Spending,Technology,Shoppers Drug Mart,7017,,,,
2021,July,7/14/21, $18.46 ,Fixed,Groceries,Save on Foods,7017,,,,
2021,July,7/17/21, $12.83 ,Fixed,Groceries,Save on Foods,7017,,,,
2021,July,7/18/21, $26.63 ,Mindful Spending,Restaurant,GURKHA HIMALAYAN KITCHEN,7017,,,,
2021,July,7/18/21, $19.65 ,Fixed,Groceries,Save on Foods,7017,,,,
2021,July,7/19/21, $24.14 ,Mindful Spending,Technology,Amazon,7017,,,,
2021,July,7/19/21, $10.98 ,Fixed,Groceries,Save on Foods,7017,,,,
2021,July,7/22/21, $24.62 ,Fixed,Insurance,TD Insurance,7017,,,,
2021,July,7/24/21, $9.00 ,Mindful Spending,Other,China Acupuncture Clinic,7017,,,,
2021,July,7/25/21, $0.31 ,Mindful Spending,Other,Staples,7017,,,,
2021,July,7/25/21, $7.98 ,Fixed,Groceries,Granville Island Produce,7017,,,,
2021,July,7/25/21, $89.25 ,Mindful Spending,Technology,Asus Computer,7017,SSD Repair Diagnosis,,,
2021,July,7/25/21, $61.95 ,Fixed,Groceries,Save on Foods,7017,,,,
2021,July,7/26/21, $13.22 ,Mindful Spending,Technology,Amazon,7017,Bluetooth Keyboard,,,
2021,July,7/27/21, $36.72 ,Mindful Spending,Technology,Amazon,7017,Multimeter,,,
2021,July,7/28/21, $100.25 ,Fixed,Transit,Translink,7017,,,,
2021,July,7/29/21, $100.00 ,Mindful Spending,Technology,Framework,7017,Pre-order Framework Laptop,,,
2021,July,7/30/21, $105.58 ,Mindful Spending,Technology,Asus Computer,7017,SSD Replacement,,,
2021,July,7/31/21, $24.33 ,Fixed,Groceries,Save on Foods,7017,,,,
2021,July,7/31/21, $25.00 ,Mindful Spending,Restaurant,Sun Sushi,7017,,,,
2021,July,7/31/21, $12.38 ,Mindful Spending,Home,Ali Express,7017,,,,
2021,July,7/31/21, $9.49 ,Fixed,Groceries,Save on Foods,7017,,,,
2021,August,8/01/21, $520.00 ,Fixed,Rent,Wesbrook Properties,9880,,,,
2021,August,8/08/21, $6.45 ,Subscription Services,Medium,MEDIUM,7017,,,,
2021,August,8/09/21, $5.59 ,Subscription Services,Spotify,Spotify,7017,,,,
2021,August,8/22/21, $24.62 ,Fixed,Insurance,TD Insurance,7017,,,,
2021,August,8/27/21, $100.25 ,Fixed,Transit,Translink,7017,September pass,,,
2021,August,8/14/21, $61.60 ,Fixed,Phone,FIDO Mobile,1095,,,,
2021,August,8/01/21, $14.38 ,Mindful Spending,Restaurant,Yummy Foodies,7017,Richmond Night Market,,,
2021,August,8/06/21, $10.63 ,Mindful Spending,Restaurant,Tim Hortons,7017,,,,
2021,August,8/07/21, $20.00 ,Fixed,Utilities,Coinamatic,7017,,,,
2021,August,8/07/21, $83.12 ,Fixed,Groceries,Save on Foods,7017,,,,
2021,August,8/07/21, $1.99 ,Fixed,Groceries,Shoppers Drug Mart,7017,,,,
2021,August,8/08/21, $1.04 ,Mindful Spending,Entertainment,Amazon,7017,,,,
2021,August,8/11/21, $100.00 ,Mindful Spending,Other,Driving Lesson Kevin Hu,9880,Driving Lesson,,,
2021,August,8/14/21, $19.73 ,Mindful Spending,Restaurant,Donair Dude,7017,,,,
2021,August,8/14/21, $41.62 ,Fixed,Groceries,Save on Foods,7017,,,,
2021,August,8/14/21, $32.20 ,Mindful Spending,Restaurant,Biercraft Wesbrook,7017,,,,
2021,August,8/15/21, $20.09 ,Fixed,Groceries,NADA,7017,,,,
2021,August,8/15/21, $13.16 ,Mindful Spending,Restaurant,Donair Dude,7017,,,,
2021,August,8/16/21, $309.00 ,Mindful Spending,Other,Driving Lesson Mario,9880,Driving Lesson,,,
2021,August,8/17/21, $157.50 ,Mindful Spending,Other,Immigration Consultant Rafael,9880,Lakehouse Immigration,,,
2021,August,8/18/21, $19.04 ,Fixed,Groceries,Save on Foods,7017,,,,
2021,August,8/19/21, $13.98 ,Fixed,Groceries,Save on Foods,7017,,,,
2021,August,8/21/21, $59.07 ,Fixed,Groceries,Save on Foods,7017,,,,
2021,August,8/22/21, $4.95 ,Fixed,Groceries,El Dorado Pie,7017,,,,
2021,August,8/22/21, $12.40 ,Fixed,Groceries,Lonsdale Quay Market,7017,,,,
2021,August,8/22/21, $30.58 ,Mindful Spending,Clothes,Amazon,7017,,,,
2021,August,8/22/21, $29.01 ,Mindful Spending,Clothes,Amazon,7017,,,,
2021,August,8/22/21, $31.50 ,Mindful Spending,Clothes,SPCA Thrift Store,7017,,,,
2021,August,8/24/21, $9.82 ,Mindful Spending,Technology,Amazon,7017,,,,
2021,August,8/24/21, $45.00 ,Fixed,Haircut,Oxford Barbers Davie Street,Cash,Pomade + Tip,,,
2021,August,8/27/21, $180.00 ,Mindful Spending,Other,Road Test Mario,9880,,,,
2021,August,8/27/21, $50.00 ,Mindful Spending,Gov. Services,Driver Services Centre - Burnaby,7017,Road Test,, $827.50 ,
2021,August,8/27/21, $31.00 ,Mindful Spending,Gov. Services,Driver Services Centre - Burnaby,7017,Driver's License 2 years,,,
2021,August,8/27/21, $63.78 ,Fixed,Groceries,Save on Foods,7017,,,,
2021,August,8/29/21, $8.18 ,Fixed,Medicine,Shoppers Drug Mart,7017,,,,
2021,August,8/31/21, $10.49 ,Fixed,Groceries,Save on Foods,7017,,,,
2021,September,9/01/21, $520.00 ,Fixed,Rent,Wesbrook Properties,9880,,,,
2021,September,9/01/21, $20.00 ,Fixed,Utilities,Coinamatic,7017,,,,
2021,September,9/08/21, $6.45 ,Subscription Services,Medium,MEDIUM,7017,,,,
2021,September,9/09/21, $5.59 ,Subscription Services,Spotify,Spotify,7017,,,,
2021,September,9/14/21, $61.60 ,Fixed,Phone,FIDO Mobile,1095,,,,
2021,September,9/22/21, $24.62 ,Fixed,Insurance,TD Insurance,7017,,,,
2021,September,9/27/21, $100.25 ,Fixed,Transit,Translink,7017,October Pass,,,
,,9/04/21, $61.65 ,Fixed,Groceries,Save on Foods,7017,,,,
2021,September,9/06/21, $8.27 ,Mindful Spending,Restaurant,Mr. Shawarma,7017,,,,
2021,September,9/06/21, $13.95 ,Mindful Spending,Restaurant,Trees Organic Coffee,7017,,,,
2021,September,9/06/21, $14.77 ,Fixed,Groceries,Save on Foods,7017,,,,
2021,September,9/10/21, $19.98 ,Fixed,Groceries,Save on Foods,7017,,,,
2021,September,9/11/21, $45.00 ,Mindful Spending,Restaurant,El Caracol Café,Cash,,,,
2021,September,9/11/21, $29.92 ,Mindful Spending,Entertainment,Cineplex,7017,,,,
2021,September,9/12/21, $77.52 ,Fixed,Groceries,Save on Foods,7017,,,,
2021,September,9/13/21, $14.55 ,Fixed,Medicine,Shoppers Drug Mart,7017,Pregnancy Test,,,
2021,September,9/14/21, $2.24 ,Fixed,Transit,EvoCarShare,7017,,,,
2021,September,9/15/21," $1,915.58 ",Mindful Spending,Technology,Framework,7017,Laptop,,,
2021,September,9/15/21, $10.29 ,Mindful Spending,Restaurant,Tim Hortons,7017,,,,
2021,September,9/19/21, $41.95 ,Fixed,Groceries,Save on Foods,7017,,,,
2021,September,9/19/21, $5.99 ,Fixed,Groceries,Save on Foods,7017,,,,
2021,September,9/19/21, $13.70 ,Mindful Spending,Technology,Amazon,7017,Earpiece Replacement S9+,,,
2021,September,9/19/21, $36.93 ,Mindful Spending,Restaurant,Neptune Chinese Kitchen,7017,,,,
2021,September,9/24/21, $16.69 ,Fixed,Groceries,Save on Foods,7017,,,,
2021,September,9/25/21, $38.60 ,Fixed,Groceries,Save on Foods,7017,,,,
2021,September,9/28/21, $11.75 ,Mindful Spending,Restaurant,Tim Hortons,7017,,,,
2021,September,9/29/21, $10.00 ,Fixed,Transit,Translink,7017,,,,
2021,October,10/01/21, $520.00 ,Fixed,Rent,Wesbrook Properties,9880,,,,
2021,October,10/01/21, $20.00 ,Fixed,Utilities,Coinamatic,7017,,,,
2021,October,10/14/21, $61.60 ,Fixed,Phone,FIDO Mobile,1095,,,,
2021,October,10/22/21, $24.62 ,Fixed,Insurance,TD Insurance,7017,,,,
2021,October,10/28/21, $134.00 ,Fixed,Transit,Translink,7017,November Pass,,,
2021,October,10/09/21, $11.19 ,Subscription Services,Spotify,Spotify,7017,,,,
2021,October,10/02/21, $22.31 ,Fixed,Groceries,Save on Foods,7017,,,,
2021,October,10/02/21, $32.09 ,Mindful Spending,Clothes,Salvation Army Thrift Store,7017,Snow Shoes,,,
2021,October,10/02/21, $22.03 ,Mindful Spending,Restaurant,Benkei Ramen,7017,,,,
2021,October,10/02/21, $55.58 ,Fixed,Groceries,Save on Foods,7017,,,,
2021,October,10/03/21, $10.06 ,Mindful Spending,Home,Dollar N Plus,7017,,,,
2021,October,10/06/21, $15.23 ,Mindful Spending,Other,Evo Car Share,7017,,,,
2021,October,10/08/21, $155.00 ,Mindful Spending,Gov. Services,Invicta Law Corporation,7017,Immigration Lawyer,,,
2021,October,10/08/21, $9.96 ,Fixed,Groceries,Save on Foods,7017,,,,
2021,October,10/09/21, $17.31 ,Mindful Spending,Restaurant,Donair Dude,9014,,,,
2021,October,10/10/21, $69.40 ,Fixed,Groceries,Save on Foods,9014,,,,
2021,October,10/10/21, $16.31 ,Mindful Spending,Restaurant,Asa Sushi,9014,,,,
2021,October,10/11/21, $8.45 ,Fixed,Groceries,Longliner SeaFoods,9014,,,,
2021,October,10/11/21, $8.95 ,Fixed,Groceries,Siegel's Bagels,9014,,,,
2021,October,10/11/21, $3.90 ,Fixed,Medicine,Shoppers Drug Mart,9014,,,,
2021,October,10/13/21, $14.05 ,Fixed,Groceries,Save on Foods,9014,,,,
2021,October,10/13/21, $10.06 ,Mindful Spending,Restaurant,A&W,9014,,,,
2021,October,10/14/21, $31.33 ,Mindful Spending,Other,Copy Smart,9014,MX Police Certificate Photos,,,
2021,October,10/16/21, $63.63 ,Fixed,Groceries,Save on Foods,9014,,,,
2021,October,10/16/21, $0.54 ,Mindful Spending,Other,Staples,9014,,,,
2021,October,10/16/21, $8.94 ,Mindful Spending,Home,Dollar N Plus,9014,,,,
2021,October,10/17/21, $15.00 ,Mindful Spending,Restaurant,El Caracol Café,Cash,,,,
2021,October,10/18/21, $4.99 ,Fixed,Groceries,Save on Foods,9014,,,,
2021,October,10/18/21, $73.35 ,Fixed,Internet,Vmedia,9014,,,,
2021,October,10/18/21, $4.99 ,Fixed,Groceries,Save on Foods,9014,,,,
2021,October,10/19/21, $104.99 ,Mindful Spending,Home,Amazon,9014,,,,
2021,October,10/23/21, $31.18 ,Fixed,Groceries,Save on Foods,9014,,,,
2021,October,10/23/21, $34.63 ,Mindful Spending,Restaurant,Donair Dude,9014,,,,
2021,October,10/28/21, $16.98 ,Fixed,Groceries,Save on Foods,9014,,,,
2021,October,10/30/21, $15.23 ,Mindful Spending,Home,Evo Car Share,9014,,,,
2021,October,10/30/21, $20.15 ,Mindful Spending,Home,Evo Car Share,9014,,,,
2021,October,10/30/21, $47.04 ,Fixed,Groceries,Save on Foods,9014,,,,
2021,October,10/31/21, $6.71 ,Mindful Spending,Home,Dollar N Plus,9014,,,,
2021,October,10/31/21, $12.94 ,Mindful Spending,Restaurant,A&W,9014,,,,
2021,October,10/31/21, $50.00 ,Mindful Spending,Home,Petro Can,9014,Gass Uhaul,,,
2021,November,11/01/21, $-   ,Fixed,Rent,Wesbrook Properties,9880,Extra rent/Move-out,,,
2021,November,11/01/21, $725.00 ,Fixed,Rent,Imperial Apartments,9880,Rent,,,
2021,November,11/01/21, $25.00 ,Fixed,Utilities,Coinamatic,9880,Maureen owes,,,
2021,November,11/14/21, $61.60 ,Fixed,Phone,FIDO Mobile,1095,,,,
2021,November,11/23/21, $7.28 ,Subscription Services,Spotify,Spotify,9014,,,,
2021,November,11/26/21, $134.00 ,Fixed,Transit,Translink,9014,December Pass,,,
2021,November,11/29/21, $183.61 ,Fixed,Insurance,ICBC,9880,Car Insurance,,,
2021,November,11/01/21, $390.00 ,Mindful Spending,Home,Furniture,9880,Bedframe + nightstand,,,
2021,November,11/01/21, $100.00 ,Mindful Spending,Home,Furniture,9880,Dining Table,,,
2021,November,11/01/21, $40.00 ,Mindful Spending,Home,Furniture,9880,Floor lamp,,,
2021,November,11/01/21, $80.00 ,Mindful Spending,Home,Furniture,9880,Dressers,,,
2021,November,11/01/21, $550.00 ,Mindful Spending,Home,Furniture,9880,Sofe-bed,,,
2021,November,11/01/21, $75.00 ,Mindful Spending,Home,Furniture,9880,Microwave + Microwave Stand,,,
2021,November,11/01/21, $60.00 ,Mindful Spending,Home,Furniture,9880,TV Stand,,,
2021,November,11/01/21, $220.00 ,Mindful Spending,Home,Furniture,9880,Dining Chairs,,,
2021,November,11/01/21, $190.00 ,Mindful Spending,Home,Furniture,9880,TV + Soundbar,,,
2021,November,11/01/21, $10.00 ,Mindful Spending,Home,Furniture,9880,Laundry Hamper,,,
2021,November,11/01/21, $5.00 ,Mindful Spending,Home,Furniture,9880,Toaster,,,
2021,November,11/01/21, $5.00 ,Mindful Spending,Home,Furniture,9880,Trash Bin,,,
2021,November,11/01/21, $7.34 ,Fixed,Groceries,Save on Foods,9014,,,,
2021,November,11/01/21, $30.00 ,Mindful Spending,Home,Esso,9014,Gass UHaul,,,
2021,November,11/01/21, $142.82 ,Mindful Spending,Home,Uhaul,9014,Truck Uhaul,,,
2021,November,11/01/21, $82.50 ,Mindful Spending,Home,Uhaul,9014,Truck Uhaul,,,
2021,November,11/02/21, $27.20 ,Mindful Spending,Home,Evo Car Share,9014,,,,
2021,November,11/02/21, $45.99 ,Mindful Spending,Home,Canadian Tire,9014,Shower curtain + Bulbs,,,
2021,November,11/03/21, $12.59 ,Mindful Spending,Home,Amazon,9014,,,,
2021,November,11/03/21, $38.84 ,Mindful Spending,Home,Amazon,9014,,,,
2021,November,11/04/21, $9.33 ,Mindful Spending,Home,Amazon,9014,,,,
2021,November,11/05/21, $17.36 ,Mindful Spending,Home,Amazon,9014,,,,
2021,November,11/05/21, $20.15 ,Mindful Spending,Home,Evo Car Share,9014,EVO Floor Lamp,,,
2021,November,11/05/21, $23.13 ,Fixed,Groceries,Safeway,9014,,,,
2021,November,11/06/21, $4.20 ,Mindful Spending,Home,Your Dollar Store,9014,,,,
2021,November,11/06/21, $14.22 ,Mindful Spending,Home,Evo Car Share,9014,EVO Microwave,,,
2021,November,11/06/21, $14.41 ,Mindful Spending,Restaurant,Shawarma Corner,9014,,,,
2021,November,11/06/21, $97.31 ,Fixed,Groceries,Safeway,9014,,,,
2021,November,11/07/21, $16.79 ,Mindful Spending,Home,Canadian Tire,9014,Folding Chair,,,
2021,November,11/08/21, $40.72 ,Mindful Spending,Home,Amazon,9014,,,,
2021,November,11/09/21, $27.29 ,Mindful Spending,Home,Amazon,9014,,,,
2021,November,11/10/21, $12.62 ,Mindful Spending,Home,Amazon,9014,,,,
2021,November,11/10/21, $28.34 ,Mindful Spending,Home,Amazon,9014,,,,
2021,November,11/10/21, $6.82 ,Fixed,Groceries,Safeway,9014,,,,
2021,November,11/11/21, $3.36 ,Mindful Spending,Home,Your Dollar Store,9014,,,,
2021,November,11/11/21, $7.29 ,Mindful Spending,Home,Dollarama,9014,,,,
2021,November,11/11/21, $17.75 ,Mindful Spending,Home,Evo Car Share,9014,EVO Dining Chairs,,,
2021,November,11/11/21, $30.07 ,Mindful Spending,Restaurant,Ki Sushi Japanese Restaurant,9014,,,,
2021,November,11/11/21, $44.69 ,Mindful Spending,Home,MUJI,9014,,,,
2021,November,11/12/21, $5.66 ,Mindful Spending,Home,EVO,9014,,,,
2021,November,11/12/21, $6.99 ,Fixed,Groceries,Too Good To Go,9014,,,,
2021,November,11/12/21, $19.88 ,Mindful Spending,Home,Amazon,9014,,,,
2021,November,11/12/21, $1.69 ,Mindful Spending,Home,Your Dollar Store,9014,,,,
2021,November,11/12/21, $52.19 ,Fixed,Groceries,City Avenue Market,9014,,,,
2021,November,11/13/21, $36.73 ,Mindful Spending,Home,Amazon,9014,,,,
2021,November,11/13/21, $26.43 ,Mindful Spending,Home,Home Depot,9014,,,,
2021,November,11/13/21, $8.95 ,Mindful Spending,Home,Winners,9014,,,,
2021,November,11/13/21, $36.85 ,Mindful Spending,Home,MUJI,9014,,,,
2021,November,11/13/21, $9.53 ,Mindful Spending,Home,Dollarama,9014,,,,
2021,November,11/14/21, $62.85 ,Fixed,Groceries,Safeway,9014,,,,
2021,November,11/14/21, $14.73 ,Mindful Spending,Home,EVO,9014,EVO TV Stand,,,
2021,November,11/14/21, $34.63 ,Mindful Spending,Home,Aliexpress,9014,,,,
2021,November,11/15/21, $23.20 ,Fixed,Haircut,Oxford Barbers New West,9880,,,,
2021,November,11/20/21, $14.10 ,Mindful Spending,Home,Shoppers Drug Mart,9014,LED Bulbs,,,
2021,November,11/20/21, $30.29 ,Fixed,Groceries,Safeway,9014,,,,
2021,November,11/21/21, $7.51 ,Mindful Spending,Restaurant,Waves Coffee,9014,,,,
2021,November,11/21/21, $85.69 ,Mindful Spending,Home,Bunches & Blooms Floral,9014,Air plant,,,
2021,November,11/22/21, $12.71 ,Mindful Spending,Other,EVO,9014,Get to work,,,
2021,November,11/22/21, $259.90 ,Mindful Spending,Gov. Services,WES (World Education Services),9014,ECA IRCC,,,
2021,November,11/23/21, $10.49 ,Mindful Spending,Home,Amazon,9014,,,,
2021,November,11/23/21, $11.50 ,Mindful Spending,Home,Amazon,9014,,,,
2021,November,11/24/21, $35.66 ,Mindful Spending,Home,Amazon,9014,,,,
2021,November,11/25/21, $31.00 ,Fixed,Internet,Vmedia,9014,Complete Modem Purchase,,,
2021,November,11/26/21, $140.00 ,Mindful Spending,Gov. Services,Invicta Law Corporation,9014,Translation Diploma ITESM,,,
2021,November,11/26/21, $129.37 ,Mindful Spending,Clothes,Vessi Footwear,9014,Maureen Christmas Gift,,,
2021,November,11/27/21, $-   ,Mindful Spending,Gov. Services,Lifelabs,9014,IME Blood test. $68.00 Reimbursed with Canada Life,,,
2021,November,11/27/21, $100.00 ,Mindful Spending,Gov. Services,Downtown Radiology,9880,IME X-ray,,,
2021,November,11/24/21, $260.00 ,Mindful Spending,Gov. Services,Jas Garcha,9880,IME Physical Exam,,,
2021,November,11/27/21," $1,139.76 ",Mindful Spending,Other,ICBC,9014,Car Tax,,,
2021,November,11/27/21, $30.81 ,Mindful Spending,Restaurant,Vcafe New Westminster,9880,,,,
2021,November,11/28/21, $67.87 ,Fixed,Groceries,Safeway,9014,,,,
2021,November,11/29/21, $31.65 ,Mindful Spending,Home,Canadian Tire,9014,"Bulbs, lamp, towels 1/2",,,
2021,November,11/29/21, $33.34 ,Mindful Spending,Other,Amazon,9014,Handwarmer,,,
2021,November,11/30/21, $28.00 ,Mindful Spending,Other,Amazon,9014,Zippo lighter,,,
2021,December,12/01/21, $825.00 ,Fixed,Rent,Imperial Apartments,9880,Rent,,,
2021,December,12/01/21, $27.50 ,Fixed,Rent,Imperial Apartments,9880,Parking,,,
2021,December,12/01/21, $25.00 ,Fixed,Internet,Vmedia,9880,,,,
2021,December,12/14/21, $61.60 ,Fixed,Phone,FIDO Mobile,1095,,,,
2021,December,12/23/21, $7.28 ,Subscription Services,Spotify,Spotify,9014,,,,
2021,December,12/27/21, $134.00 ,Fixed,Transit,Translink,9014,January Pass,,,
2021,December,12/30/21, $183.65 ,Fixed,Insurance,ICBC,9880,Car Insurance,,,
2021,December,12/01/21, $669.76 ,Mindful Spending,Clothes,Lululemon,9014,,,,
2021,December,12/03/21, $18.09 ,Mindful Spending,Restaurant,Donair Dude,9014,,,,
2021,December,12/04/21, $19.26 ,Mindful Spending,Home,Evo,9014,EVO coffee table,,,
2021,December,12/04/21, $30.00 ,Mindful Spending,Home,Coffee table,9014,Coffee table,,,
2021,December,12/04/21, $21.40 ,Mindful Spending,Restaurant,St. Agustine's,9014,Beers Greg,,,
2021,December,12/04/21, $24.20 ,Fixed,Groceries,Safeway,9014,,,,
2021,December,12/04/21, $31.24 ,Mindful Spending,Other,Evo,9014,,,,
2021,December,12/04/21, $18.00 ,Mindful Spending,Restaurant,DoorDash,9880,,,,
2021,December,12/05/21, $14.09 ,Mindful Spending,Home,Amazon,9014,,,,
2021,December,12/06/21, $15.42 ,Mindful Spending,Home,Amazon,9014,,,,
2021,December,12/05/21, $61.59 ,Mindful Spending,Other,Maple Leef Greenery,9014,,,,
2021,December,12/08/21, $28.00 ,Mindful Spending,Other,Amazon,9014,,,,
2021,December,12/08/21, $40.25 ,Fixed,Groceries,Safeway,9014,,,,
2021,December,12/11/21, $47.95 ,Fixed,Groceries,Safeway,9014,,,,
2021,December,12/11/21, $24.68 ,Mindful Spending,Home,Evo,9014,EVO AC,,,
2021,December,12/11/21, $200.00 ,Mindful Spending,Home,AC,9880,AC,,,
2021,December,12/13/21, $10.38 ,Mindful Spending,Restaurant,Shawarma Corner,9014,,,,
2021,December,12/15/21, $10.38 ,Mindful Spending,Restaurant,Tim Hortons,9014,,,,
2021,December,12/16/21, $1.40 ,Mindful Spending,Home,Dollar Tree,9014,,,,
2021,December,12/16/21, $50.19 ,Fixed,Groceries,Safeway,9014,,,,
2021,December,12/17/21, $6.59 ,Mindful Spending,Home,Canadian Tire,9014,,,,
2021,December,12/17/21, $6.72 ,Mindful Spending,Home,Dollarama,9014,,,,
2021,December,12/18/21, $14.46 ,Mindful Spending,Other,Aliexpress,9014,,,,
2021,December,12/18/21, $14.96 ,Mindful Spending,Entertainment,Cineplex,9014,,,,
2021,December,12/18/21, $6.76 ,Mindful Spending,Home,Dollarama,9014,,,,
2021,December,12/19/21, $25.00 ,Mindful Spending,Home,West End Wicks,9014,,,,
2021,December,12/19/21, $22.29 ,Mindful Spending,Clothes,MUJI,9014,,,,
2021,December,12/19/21, $24.99 ,Mindful Spending,Restaurant,Vcafe New Westminster,9880,,,,
2021,December,12/21/21, $21.63 ,Mindful Spending,Other,Aliexpress,9014,,,,
2021,December,12/21/21, $49.21 ,Fixed,Groceries,NADA,9014,,,,
2021,December,12/21/21, $90.00 ,Mindful Spending,Clothes,D&D Optical,9014,Sunglasses Health Insurance,,,
2021,December,12/23/21, $5.95 ,Fixed,Groceries,NADA,9014,,,,
2021,December,12/24/21, $12.00 ,Mindful Spending,Entertainment,Westpark - Cypress,9014,,,,
2021,December,12/24/21, $107.94 ,Fixed,Groceries,Safeway,9014,,,,
2021,December,12/26/21, $7.29 ,Mindful Spending,Home,Your Dollar Store,9014,,,,
2021,December,12/26/21, $29.56 ,Mindful Spending,Restaurant,Steel & Oak Brewing,9014,,,,
2021,December,12/26/21, $70.48 ,Mindful Spending,Clothes,MUJI,9014,,,,
2021,December,12/28/21, $9.36 ,Mindful Spending,Restaurant,Elysian Coffee,9014,,,,
2021,December,12/29/21, $34.34 ,Fixed,Groceries,Safeway,9014,,,,
2021,December,12/30/21, $14.46 ,Fixed,Groceries,Safeway,9014,,,,
2021,December,12/30/21, $45.53 ,Mindful Spending,Home,Canadian Tire,9014,,,,
2021,December,12/30/21, $44.79 ,Mindful Spending,Entertainment,Google Stadia,9014,,,,
2021,December,12/30/21, $8.95 ,Mindful Spending,Entertainment,Google Stadia,9014,,,,
2021,December,12/31/21, $134.80 ,Mindful Spending,Other,Get Kush Weed,9880,Weed,,,
2021,December,12/31/21, $3.20 ,Mindful Spending,Home,Salvation Army Thrift Store,9014,,,,
2021,December,12/31/21, $8.80 ,Mindful Spending,Restaurant,SQ Food Business,9014,Hot Dog Downtown,,,
2021,December,12/31/21, $10.23 ,Fixed,Groceries,8th Street Liquor Store,9014,,,,
2022,January,1/01/22, $825.00 ,Fixed,Rent,Imperial Apartments,9880,Rent,,,
2022,January,1/01/22, $27.50 ,Fixed,Rent,Imperial Apartments,9880,Parking,,,
2022,January,1/01/22, $25.00 ,Fixed,Internet,Vmedia,9880,,,,
2022,January,1/14/22, $61.60 ,Fixed,Phone,FIDO Mobile,1095,,,,
2022,January,1/22/22, $55.45 ,Fixed,Insurance,TD Insurance,9014,,,,
2022,January,1/23/22, $7.28 ,Subscription Services,Spotify,Spotify,9014,,,,
2022,January,1/24/22, $134.00 ,Fixed,Transit,Translink,9014,January Pass,,,
2022,January,1/25/22, $183.65 ,Fixed,Insurance,ICBC,9880,Car Insurance,,,
2022,January,1/01/22, $163.30 ,Mindful Spending,Clothes,Vessi Footwear,9014,Boots,,,
2022,January,1/03/22, $9.45 ,Mindful Spending,Other,Polo Health + Longevity,9014,,,,
2022,January,1/03/22, $131.04 ,Mindful Spending,Technology,eBay,9014,Samsung S10+,,,
2022,January,1/04/22, $14.40 ,Fixed,Groceries,NADA,9014,,,,
2022,January,1/06/22, $5.90 ,Fixed,Transit,Compass-Translink,9014,Compass Account Burnaby?,,,
2022,January,1/06/22, $13.02 ,Fixed,Groceries,Safeway,9014,,,,
2022,January,1/08/22, $20.60 ,Mindful Spending,Other,Polo Health + Longevity,9014,,,,
2022,January,1/08/22, $47.26 ,Mindful Spending,Restaurant,Don Oso's Restaurant,9014,,,,
2022,January,1/09/22, $2.24 ,Mindful Spending,Home,Your Dollar Store,9014,,,,
2022,January,1/09/22, $23.49 ,Mindful Spending,Home,Canadian Tire,9014,,,,
2022,January,1/09/22, $15.66 ,Fixed,Groceries,Safeway,9014,,,,
2022,January,1/10/22, $0.27 ,Mindful Spending,Home,Amazon,9014,,,,
2022,January,1/11/22, $9.50 ,Mindful Spending,Other,Polo Health + Longevity,9014,,,,
2022,January,1/13/22, $9.45 ,Mindful Spending,Other,Polo Health + Longevity,9014,,,,
2022,January,1/13/22, $25.00 ,Mindful Spending,Home,The Soap Dispensary,9880,,,,
2022,January,1/15/22, $79.99 ,Mindful Spending,Home,Amazon,9014,,,,
2022,January,1/15/22, $5.33 ,Fixed,Medicine,Shoppers Drug Mart,9014,,,,
2022,January,1/15/22, $69.78 ,Fixed,Groceries,Safeway,9014,,,,
2022,January,1/16/22, $14.99 ,Fixed,Groceries,IKEA,9014,,,,
2022,January,1/17/22, $133.28 ,Mindful Spending,Restaurant,Chi Vegan,9014,,,,
2022,January,1/17/22, $19.89 ,Fixed,Groceries,Safeway,9014,,,,
2022,January,1/18/22, $109.07 ,Mindful Spending,Other,Aeromexico,9014,Ticket Change Ale,,,
2022,January,1/18/22, $30.70 ,Mindful Spending,Other,Aeromexico,9014,Ticket Change Maureen,,,
2022,January,1/19/22, $13.64 ,Mindful Spending,Home,Amazon,9014,,,,
2022,January,1/19/22, $200.22 ,Mindful Spending,Education,CodeCademy,9014,Data Science Course,,,
2022,January,1/21/22, $53.76 ,Mindful Spending,Clothes,Lululemon,9014,,,,
2022,January,1/21/22, $9.45 ,Mindful Spending,Other,Polo Health + Longevity,9014,,,,
2022,January,1/22/22, $9.50 ,Mindful Spending,Other,Polo Health + Longevity,9014,,,,
2022,January,1/22/22, $45.11 ,Fixed,Groceries,Safeway,9014,,,,
2022,January,1/26/22, $9.18 ,Mindful Spending,Restaurant,Tim Hortons,9014,,,,
2022,January,1/28/22, $9.29 ,Fixed,Groceries,Safeway,9014,,,,
2022,January,1/28/22, $2.24 ,Mindful Spending,Other,Evo Car Share,9014,,,,
2022,January,1/29/22, $9.50 ,Mindful Spending,Other,Polo Health + Longevity,9014,,,,
2022,January,1/29/22, $17.30 ,Mindful Spending,Restaurant,Pamola Bakery and Deli,9014,,,,
2022,January,1/30/22, $2.24 ,Mindful Spending,Home,Your Dollar Store,9014,,,,
2022,January,1/30/22, $70.54 ,Fixed,Groceries,Safeway,9014,,,,
2022,February,2/01/22, $625.00 ,Fixed,Rent,Imperial Apartments,9880,Rent,,,
2022,February,2/01/22, $27.50 ,Fixed,Rent,Imperial Apartments,9880,Parking,,,
2022,February,2/01/22, $25.00 ,Fixed,Internet,Vmedia,9880,,,,
2022,February,2/14/22, $61.60 ,Fixed,Phone,FIDO Mobile,1095,,,,
2022,February,2/22/22, $55.44 ,Fixed,Insurance,TD Insurance,9014,,,,
2022,February,2/23/22, $7.28 ,Subscription Services,Spotify,Spotify,9014,Split with Maureen,,,
2022,February,2/25/22, $183.65 ,Fixed,Insurance,ICBC,9880,Car Insurance,,,
2022,February,2/01/22, $25.44 ,Fixed,Haircut,Oxford Barbers New West,9014,Haircut,,,
2022,February,2/04/22, $22.94 ,Mindful Spending,Restaurant,Royal Crown Pizza,9014,,,,
2022,February,2/05/22, $14.44 ,Mindful Spending,Restaurant,Pamola Bakery and Deli,9014,,,,
2022,February,2/05/22, $44.98 ,Fixed,Groceries,Safeway,9014,,,,
2022,February,2/05/22, $10.00 ,Mindful Spending,Home,IKEA,9880,Bathroom Shelf,,,
2022,February,2/06/22, $10.00 ,Fixed,Transit,Translink,9014,,,,
2022,February,2/06/22, $13.84 ,Mindful Spending,Restaurant,Shawarma Corner,9014,,,,
2022,February,2/07/22, $7.83 ,Mindful Spending,Home,WestCan Home Hardware,9014,,,,
2022,February,2/07/22, $13.84 ,Mindful Spending,Restaurant,Shawarma Corner,9014,,,,
2022,February,2/07/22, $28.51 ,Mindful Spending,Home,Canadian Tire,9014,,,,
2022,February,2/08/22, $80.00 ,Mindful Spending,Technology,Samsung,9880,Galaxy Buds Live,,,
2022,February,2/08/22, $52.88 ,Fixed,Gas,Shell,9014,,,,
2022,February,2/08/22, $14.56 ,Mindful Spending,Home,Your Dollar Store,9014,,,,
2022,February,2/08/22, $3.36 ,Mindful Spending,Home,Your Dollar Store,9014,,,,
2022,February,2/10/22, $45.18 ,Fixed,Utilities,New West Electric,9880,Split with Maureen,,,
2022,February,2/17/22, $6.53 ,Mindful Spending,Other,Skype,9014,Skype Credit,,,
2022,February,2/17/22, $28.69 ,Mindful Spending,Clothes,Galería del Calzado,9014,Mexico,,,
2022,February,2/18/22, $21.68 ,Mindful Spending,Restaurant,Gallo Bravo,9014,Mexico,,,
2022,February,2/28/22, $36.55 ,Fixed,Groceries,Walmart,9014,Mexico,,,
2022,March,3/01/22, $625.00 ,Fixed,Rent,Imperial Apartments,9880,Rent,,,
2022,March,3/01/22, $27.50 ,Fixed,Rent,Imperial Apartments,9880,Parking. Split with Maureen,,,
2022,March,3/01/22, $25.00 ,Fixed,Internet,Vmedia,9880,,,,
2022,March,3/14/22, $61.60 ,Fixed,Phone,FIDO Mobile,1095,,,,
2022,March,3/22/22, $55.44 ,Fixed,Insurance,TD Insurance,9014,,,,
2022,March,3/23/22, $7.28 ,Subscription Services,Spotify,Spotify,9014,Split with Maureen,,,
2022,March,3/25/22, $183.65 ,Fixed,Insurance,ICBC,9880,Car Insurance,,,
2022,March,3/03/22, $40.34 ,Mindful Spending,Entertainment,Turibus,9014,Mexico,,,
2022,March,3/07/22, $12.47 ,Mindful Spending,Entertainment,Cinépolis,9014,Mexico,,,
2022,March,3/07/22, $27.09 ,Mindful Spending,Clothes,Decathlon,9014,Mexico,,,
2022,March,3/08/22, $30.38 ,Mindful Spending,Restaurant,Restaurant Cholula,9014,Mexico,,,
2022,March,3/08/22, $16.20 ,Mindful Spending,Entertainment,Tour Jose Cuervo,9014,Mexico,,,
2022,March,3/10/22, $17.91 ,Fixed,Haircut,Haircut,9014,Mexico,,,
2022,March,3/13/22, $3.00 ,Mindful Spending,Other,Uber,9014,Split with Maureen,,,
2022,March,3/13/22, $29.02 ,Mindful Spending,Other,Uber,9014,Split with Maureen,,,
2022,March,3/14/22, $315.84 ,Mindful Spending,Technology,Framework,9014,Display Replacement + Expansion Cards,,,
2022,March,3/15/22," $1,150.00 ",Mindful Spending,Gov. Services,BC Provincial Nominee Program,9014,PNP Express Entry,,,
2022,March,3/15/22, $62.98 ,Fixed,Groceries,Canadian Protein,9014,,,,
2022,March,3/16/22, $5.05 ,Mindful Spending,Home,Your Dollar Store,9014,,,,
2022,March,3/16/22, $6.71 ,Fixed,Groceries,Safeway,9014,,,,
2022,March,3/16/22, $28.00 ,Fixed,Groceries,NADA,9880,,,,
2022,March,3/18/22, $10.00 ,Fixed,Transit,Translink,9014,,,,
2022,March,3/18/22, $12.58 ,Fixed,Groceries,Safeway,9014,,,,
2022,March,3/18/22, $13.84 ,Mindful Spending,Restaurant,Shawarma Corner,9014,,,,
2022,March,3/19/22, $16.57 ,Mindful Spending,Technology,Steam,9014,,,,
2022,March,3/19/22, $29.81 ,Mindful Spending,Restaurant,St. Agustine's,9014,,,,
2022,March,3/20/22, $39.37 ,Fixed,Groceries,Safeway,9014,,,,
2022,March,3/20/22, $7.88 ,Mindful Spending,Home,Amazon,9014,Tools Window Film,,,
2022,March,3/20/22, $86.09 ,Mindful Spending,Home,Amazon,9014,Window Film,,,
2022,March,3/21/22, $18.53 ,Fixed,Groceries,Safeway,9014,,,,
2022,March,3/21/22, $10.00 ,Fixed,Transit,Translink,9014,,,,
2022,March,3/23/22, $8.72 ,Mindful Spending,Technology,Steam,9014,,,,
2022,March,3/24/22, $5.34 ,Mindful Spending,Home,Salvation Army Thrift Store,9014,,,,
2022,March,3/24/22, $56.88 ,Mindful Spending,Education,CIFST,9014,Membership,,,
2022,March,3/24/22, $4.48 ,Mindful Spending,Home,Your Dollar Store,9014,,,,
2022,March,3/25/22, $18.26 ,Mindful Spending,Technology,Aliexpress,9014,Laptop anti-glare,,,
2022,March,3/25/22, $5.01 ,Mindful Spending,Technology,Steam,9014,,,,
2022,March,3/26/22, $27.16 ,Mindful Spending,Restaurant,Veg Out Food Truck,9880,eTransfer to Maureen,,,
2022,March,3/26/22, $16.00 ,Mindful Spending,Entertainment,Gem & Mineral Show,Cash,2 tickets,,,
2022,March,3/26/22, $5.00 ,Mindful Spending,Home,Gem & Mineral Show,Cash,,,,
2022,March,3/26/22, $40.00 ,Mindful Spending,Technology,Marketplace,Cash,Gaming Mouse,,,
2022,March,3/27/22, $60.00 ,Fixed,Groceries,Safeway,9014,45 paid by Maureen,,,
2022,March,3/27/22, $10.00 ,Fixed,Transit,Translink,9014,,,,
2022,March,3/30/22, $17.15 ,Mindful Spending,Restaurant,Shawarma Corner,9014,,,,
2022,April,4/01/22, $625.00 ,Fixed,Rent,Imperial Apartments,9880,Rent,,,
2022,April,4/01/22, $27.50 ,Fixed,Rent,Imperial Apartments,9880,Parking. Split with Maureen,,,
2022,April,4/01/22, $25.00 ,Fixed,Internet,Vmedia,9880,,,,
2022,April,4/14/22, $61.60 ,Fixed,Phone,FIDO Mobile,1095,,,,
2022,April,4/22/22, $55.43 ,Fixed,Insurance,TD Insurance,9014,,,,
2022,April,4/23/22, $7.28 ,Subscription Services,Spotify,Spotify,9014,Split with Maureen,,,
2022,April,4/25/22, $183.65 ,Fixed,Insurance,ICBC,9880,Car Insurance,,,
2022,April,4/01/22, $10.00 ,Fixed,Transit,Translink,9014,,,,
2022,April,4/01/22, $57.11 ,Fixed,Groceries,Safeway,9014,,,,
2022,April,4/02/22, $28.00 ,Fixed,Groceries,The Soap Dispensary,9014,,,,
2022,April,4/02/22, $3.08 ,Fixed,Groceries,The Soap Dispensary,9014,,,,
2022,April,4/02/22, $38.26 ,Mindful Spending,Entertainment,The Regional Assembly of Vancouver,9014,What's this?,,,
2022,April,4/04/22, $22.91 ,Fixed,Groceries,Safeway,9014,,,,
2022,April,4/05/22, $10.00 ,Fixed,Transit,Translink,9014,,,,
2022,April,4/08/22, $55.66 ,Fixed,Groceries,Safeway,9014,,,,
2022,April,4/08/22, $536.31 ,Fixed,Car,Hyundai Service,9014,Francis paid 400 for car rent. Total 936.31,,,
2022,April,4/10/22, $46.47 ,Mindful Spending,Home,Home Depot,9014,Split with Maureen,,,
2022,April,4/10/22, $25.46 ,Fixed,Groceries,Safeway,9014,,,,
2022,April,4/11/22, $100.25 ,Fixed,Transit,Translink,9014,Translink April,,,
2022,April,4/14/22, $20.99 ,Mindful Spending,Home,Amazon,9014,Candle lighters,,,
2022,April,4/14/22, $104.66 ,Fixed,Groceries,Safeway,9014,,,,
2022,April,4/16/22, $4.48 ,Mindful Spending,Home,Your Dollar Store,9014,,,,
2022,April,4/16/22, $15.57 ,Fixed,Groceries,Liquor Store,9014,,,,
2022,April,4/16/22, $39.90 ,Mindful Spending,Restaurant,Twisted Fork,9014,,,,
2022,April,4/17/22, $30.75 ,Mindful Spending,Home,Canadian Tire,9014,Car wax and accessories,,,
2022,April,4/18/22, $1.75 ,Mindful Spending,Restaurant,Vending Machine,9014,,,,
2022,April,4/20/22, $8.36 ,Mindful Spending,Home,Aliexpress,9014,,,,
2022,April,4/20/22, $15.76 ,Fixed,Utilities,New West Electric,9880,Split with Maureen,,,
2022,April,4/22/22, $1.75 ,Mindful Spending,Restaurant,Vending Machine,9014,,,,
2022,April,4/22/22, $3.36 ,Mindful Spending,Home,Your Dollar Store,9014,,,,
2022,April,4/22/22, $5.00 ,Mindful Spending,Restaurant,Vending Machine,9014,,,,
2022,April,4/22/22, $11.19 ,Fixed,Groceries,Safeway,9014,,,,
2022,April,4/23/22, $27.99 ,Mindful Spending,Restaurant,Banana Leaf,9014,,,,
2022,April,4/23/22, $2.23 ,Fixed,Groceries,Safeway,9014,,,,
2022,April,4/23/22, $59.05 ,Fixed,Groceries,Safeway,9014,,,,
2022,April,4/26/22, $100.25 ,Fixed,Transit,Translink,9014,Translink May,,,
2022,April,4/27/22, $2.47 ,Fixed,Groceries,Safeway,9014,,,,
2022,April,4/28/22, $167.36 ,Mindful Spending,Technology,Keychron,9014,,,,
2022,April,4/29/22, $9.96 ,Fixed,Medicine,Shoppers Drug Mart,9014,,,,
2022,April,4/29/22, $15.00 ,Mindful Spending,Restaurant,Dominos,9014,,,,
2022,April,4/29/22, $60.00 ,Fixed,Gas,Shell,9014,,,,
2022,April,4/29/22, $69.04 ,Mindful Spending,Home,Winners,9014,,,,
2022,April,4/29/22, $95.67 ,Fixed,Groceries,Safeway,9014,,,,
2022,April,4/30/22, $17.92 ,Mindful Spending,Technology,MVP Electronics,9014,Car Cellphone charger,,,
2022,May,5/01/22, $825.00 ,Fixed,Rent,Imperial Apartments,9880,Rent,,,
2022,May,5/01/22, $27.50 ,Fixed,Rent,Imperial Apartments,9880,Parking. Split with Maureen,,,
2022,May,5/01/22, $25.00 ,Fixed,Internet,Vmedia,9880,,,,
2022,May,5/14/22, $61.60 ,Fixed,Phone,FIDO Mobile,1095,,,,
2022,May,5/22/22, $33.22 ,Fixed,Insurance,TD Insurance,9014,,,,
2022,May,5/23/22, $7.28 ,Subscription Services,Spotify,Spotify,9014,Split with Maureen,,,
2022,May,5/30/22, $183.65 ,Fixed,Insurance,ICBC,9880,Car Insurance,,,
2022,May,5/01/22, $20.99 ,Fixed,Car,Amazon,9014,Windshield wipers rubber replacement,,,
2022,May,5/02/22, $37.58 ,Fixed,Car,Amazon,9014,Window Film,,,
2022,May,5/04/22, $10.00 ,Mindful Spending,Home,Marketplace,Cash,Spice Rack. Split with Maureen,,,
2022,May,5/05/22, $13.64 ,Fixed,Medicine,Shoppers Drug Mart,9014,,,,
2022,May,5/05/22, $52.02 ,Mindful Spending,Restaurant,DoorDash,9014,,,,
2022,May,5/07/22, $12.99 ,Fixed,Medicine,Shoppers Drug Mart,9014,,,,
2022,May,5/07/22, $20.42 ,Fixed,Groceries,Safeway,9014,,,,
2022,May,5/09/22, $2.00 ,Mindful Spending,Restaurant,Vending Machine,9014,,,,
2022,May,5/09/22, $50.39 ,Mindful Spending,Home,Amazon,9014,Window Film,,,
2022,May,5/10/22, $136.33 ,Mindful Spending,Education,Xelplus,9014,Fundamentals of Finantial Analysis,,,
2022,May,5/11/22, $8.94 ,Fixed,Groceries,Safeway,9014,,,,
2022,May,5/14/22, $24.73 ,Fixed,Haircut,Oxford New West,9014,,,,
2022,May,5/14/22, $12.70 ,Mindful Spending,Restaurant,Dominos,9014,,,,
2022,May,5/14/22, $56.45 ,Fixed,Groceries,Safeway,9014,,,,
2022,May,5/14/22, $37.61 ,Fixed,Groceries,NADA,9880,,,,
2022,May,5/16/22, $2.00 ,Mindful Spending,Restaurant,Vending Machine,9014,,,,
2022,May,5/17/22, $164.37 ,Mindful Spending,Technology,Keychron,9014,,,,
2022,May,5/21/22, $20.48 ,Mindful Spending,Restaurant,St. Agustine's,9014,,,,
2022,May,5/21/22, $67.19 ,Fixed,Car,WestCan Home Hardware,9014,AC Car Kit,,,
2022,May,5/21/22, $74.52 ,Fixed,Groceries,Safeway,9014,,,,
2022,May,5/21/22, $25.00 ,Fixed,Utilities,Coinamatic,9880,Split with Maureen,,,
2022,May,5/26/22, $26.63 ,Fixed,Car,Amazon,9014,,,,
2022,May,5/26/22, $21.00 ,Fixed,Groceries,NADA,9880,,,,
2022,May,5/27/22, $20.00 ,Mindful Spending,Gov. Services,Notary Public,9880,Common-law PR,,,
2022,May,5/28/22, $20.00 ,Mindful Spending,Gov. Services,London Drugs,9880,PR Photo,,,
2022,May,5/28/22, $60.02 ,Fixed,Gas,Shell,9014,,,,
2022,May,5/28/22, $12.59 ,Fixed,Car,Shell,9014,Car Wash,,,
2022,May,5/28/22, $153.11 ,Mindful Spending,Home,IKEA,9014,Split with Maureen. Desk,,,
2022,May,5/28/22," $1,450.00 ",Mindful Spending,Gov. Services,IRCC,9014,Permanent Residence Application,,,
2022,May,5/28/22, $6.03 ,Fixed,Groceries,Safeway,9014,,,,
2022,May,5/28/22, $43.64 ,Fixed,Car,Canadian Tire,9014,Car Cleaning Items,,,
2022,June,6/01/22, $825.00 ,Fixed,Rent,Imperial Apartments,9880,Rent,,,
2022,June,6/01/22, $27.50 ,Fixed,Rent,Imperial Apartments,9880,Parking. Split with Maureen,,,
2022,June,6/01/22, $25.00 ,Fixed,Internet,Vmedia,9880,Split with Maureen,,,
2022,June,6/14/22, $61.60 ,Fixed,Phone,FIDO Mobile,1095,,,,
2022,June,6/23/22, $7.28 ,Subscription Services,Spotify,Spotify,9014,Split with Maureen,,,
2022,June,6/30/22, $183.65 ,Fixed,Insurance,ICBC,9880,Car Insurance,,,
2022,June,6/30/22,-$59.50 ,Fixed,Gas,Shell,9880,Carpool Substraction,,,
2022,June,6/01/22, $19.11 ,Fixed,Utilities,New West Electric,9880,Split with Maureen,,,
2022,June,6/01/22, $46.18 ,Fixed,Medicine,Shoppers Drug Mart,9014,Vitamins Migraine,,,
2022,June,6/01/22, $8.79 ,Fixed,Medicine,Shoppers Drug Mart,9014,Vitamins Migraine,,,
2022,June,6/02/22, $10.00 ,Fixed,Transit,Translink,9014,,,,
2022,June,6/03/22, $88.80 ,Fixed,Groceries,Safeway,9014,,,,
2022,June,6/03/22, $113.23 ,Mindful Spending,Clothes,Amazon,9014,Gift Maureen Hiking Boots,,,
2022,June,6/04/22, $16.10 ,Mindful Spending,Restaurant,Veg Out Food Truck,9014,Planted Expo,,,
2022,June,6/05/22, $10.00 ,Fixed,Transit,Translink,9014,,,,
2022,June,6/05/22, $18.40 ,Mindful Spending,Restaurant,Veg Out Food Truck,9014,Planted Expo,,,
2022,June,6/08/22, $23.47 ,Mindful Spending,Technology,Aliexpress,9014,Fitbit Alta HR Batteries,,,
2022,June,6/08/22, $26.99 ,Mindful Spending,Home,Amazon,9014,Balcony Screen,,,
2022,June,6/08/22, $23.83 ,Fixed,Groceries,NADA,9880,,,,
2022,June,6/09/22, $41.08 ,Mindful Spending,Technology,Amazon,9014,Laptop Sleeve. Used $25 Gift card. $59 original price,,,
2022,June,6/09/22, $15.23 ,Mindful Spending,Entertainment,Landmark Cinema,9880,,,,
2022,June,6/10/22, $5.03 ,Fixed,Groceries,Safeway,9014,,,,
2022,June,6/11/22, $76.89 ,Fixed,Groceries,Safeway,9014,,,,
2022,June,6/11/22, $4.20 ,Mindful Spending,Restaurant,IKEA,9014,,,,
2022,June,6/11/22, $55.33 ,Mindful Spending,Restaurant,St. Agustine's,9014,,,,
2022,June,6/11/22, $20.00 ,Mindful Spending,Home,Amazon,9880,"Trash Bin, Soap dispenser. Split with Maureen",,,
2022,June,6/11/22, $5.91 ,Mindful Spending,Home,Everyday Items Japan,9014,,,,
2022,June,6/12/22, $44.08 ,Mindful Spending,Technology,Amazon,9014,Soldering Iron,,,
2022,June,6/12/22, $16.52 ,Mindful Spending,Home,Dollarama,9014,,,,
2022,June,6/12/22, $10.46 ,Mindful Spending,Home,Shoppers Drug Mart,9014,,,,
2022,June,6/12/22, $1.69 ,Mindful Spending,Home,Your Dollar Store,9014,,,,
2022,June,6/14/22, $10.00 ,Mindful Spending,Entertainment,PlayNow,9014,,,,
2022,June,6/16/22, $141.74 ,Fixed,Groceries,Canadian Protein,9014,,,,
2022,June,6/17/22, $24.40 ,Mindful Spending,Technology,Aliexpress,9014,Soldering Heat Pad,,,
2022,June,6/17/22, $91.70 ,Fixed,Gas,Shell,9014,,,,
2022,June,6/17/22, $20.00 ,Mindful Spending,Restaurant,DoorDash,9014,,,,
2022,June,6/18/22, $86.10 ,Fixed,Groceries,Safeway,9014,,,,
2022,June,6/18/22, $4.47 ,Fixed,Groceries,Safeway,9014,,,,
2022,June,6/18/22, $15.74 ,Fixed,Medicine,Shoppers Drug Mart,9014,Vitamins,,,
2022,June,6/22/22, $52.88 ,Fixed,Medicine,Jamieson Labs,9014,Vitamins Migraine,,,
2022,June,6/23/22, $17.63 ,Mindful Spending,Technology,Aliexpress,9014,Soldering Consumables,,,
2022,June,6/24/22, $78.83 ,Mindful Spending,Restaurant,Taqueria Playa Tropical,9014,,,,
2022,June,6/25/22, $144.48 ,Mindful Spending,Clothes,Decathlon,9014,Inline Skates,,,
2022,June,6/25/22, $81.23 ,Fixed,Groceries,Safeway,9014,,,,
2022,June,6/25/22, $15.07 ,Mindful Spending,Restaurant,Shawarma Corner,9014,,,,
2022,June,6/25/22, $36.16 ,Fixed,Groceries,Safeway,9880,,,,
2022,June,6/25/22, $64.86 ,Fixed,Gas,Shell,9014,,,,
2022,June,6/26/22, $10.00 ,Fixed,Transit,Translink,9014,,,,
2022,June,6/30/22, $18.03 ,Fixed,Groceries,Safeway,9014,,,,
2022,July,7/01/22, $825.00 ,Fixed,Rent,Imperial Apartments,9880,Rent,,,
2022,July,7/01/22, $27.50 ,Fixed,Rent,Imperial Apartments,9880,Parking. Split with Maureen,,,
2022,July,7/01/22, $25.00 ,Fixed,Internet,Vmedia,9880,Split with Maureen,,,
2022,July,7/14/22, $61.60 ,Fixed,Phone,FIDO Mobile,1095,,,,
2022,July,7/23/22, $7.28 ,Subscription Services,Spotify,Spotify,9014,Split with Maureen,,,
2022,July,7/28/22, $19.63 ,Fixed,Utilities,New West Electric,9880,,,,
2022,July,7/30/22, $183.65 ,Fixed,Insurance,ICBC,9880,Car Insurance,,,
2022,July,7/30/22,-$8.40 ,Fixed,Gas,Shell,9880,Carpool Substraction,,,
2022,July,7/01/22, $25.00 ,Mindful Spending,Restaurant,Farmhouse Brewing Co,9014,,,,
2022,July,7/01/22, $11.00 ,Fixed,Groceries,KBF Farms,9880,,,,
2022,July,7/01/22, $73.53 ,Fixed,Groceries,Safeway,9014,,,,
2022,July,7/02/22, $30.00 ,Mindful Spending,Home,Marketplace,9880,Labeler,,,
2022,July,7/03/22, $63.14 ,Fixed,Gas,Shell,9014,,,,
2022,July,7/08/22, $16.98 ,Mindful Spending,Restaurant,Royal Crown Pizza,9014,,,,
2022,July,7/09/22, $16.75 ,Mindful Spending,Entertainment,EcoDairy,9014,,,,
2022,July,7/10/22, $12.59 ,Fixed,Car,Shell,9014,,,,
2022,July,7/10/22, $41.00 ,Mindful Spending,Home,Devan's Greenhouse,9880,,,,
2022,July,7/10/22, $24.64 ,Mindful Spending,Home,Your Dollar Store,9014,,,,
2022,July,7/10/22, $51.92 ,Fixed,Groceries,Safeway,9014,,,,
2022,July,7/12/22, $26.11 ,Fixed,Groceries,Safeway,9014,,,,
2022,July,7/13/22, $15.17 ,Fixed,Groceries,Shoppers Drug Mart,9014,,,,
2022,July,7/13/22, $13.08 ,Mindful Spending,Restaurant,A&W,9014,,,,
2022,July,7/13/22, $61.10 ,Mindful Spending,Technology,Amazon,9014,"Cables (SATA, splitter, etc)",,,
2022,July,7/13/22, $32.03 ,Mindful Spending,Home,Amazon,9014,"Squeege, Wood polish",,,
2022,July,7/13/22, $60.41 ,Mindful Spending,Home,Amazon,9014,"Monitor lamp, under desk drawer",,,
2022,July,7/14/22, $180.00 ,Mindful Spending,Technology,Marketplace,9880,GTX 1060 Graphics Card,,,
2022,July,7/14/22, $19.07 ,Mindful Spending,Home,WestCan Home Hardware,9014,,,,
2022,July,7/16/22, $10.00 ,Fixed,Transit,Translink,9014,,,,
2022,July,7/17/22, $15.13 ,Mindful Spending,Home,Your Dollar Store,9014,,,,
2022,July,7/18/22, $39.51 ,Fixed,Groceries,Safeway,9014,,,,
2022,July,7/20/22, $10.15 ,Fixed,Groceries,Safeway,9014,,,,
2022,July,7/20/22, $10.62 ,Fixed,Groceries,Safeway,9014,,,,
2022,July,7/21/22, $24.73 ,Fixed,Haircut,Oxford New West,9014,,,,
2022,July,7/21/22, $26.81 ,Fixed,Groceries,NADA,9014,,,,
2022,July,7/22/22, $7.58 ,Fixed,Groceries,Safeway,9014,,,,
2022,July,7/22/22, $10.00 ,Fixed,Transit,Translink,9014,,,,
2022,July,7/22/22, $16.55 ,Fixed,Medicine,Shoppers Drug Mart,9014,,,,
2022,July,7/24/22, $19.48 ,Fixed,Groceries,Safeway,9014,,,,
2022,July,7/25/22, $15.80 ,Mindful Spending,Restaurant,KFC,9014,,,,
2022,July,7/27/22, $41.36 ,Fixed,Groceries,Safeway,9014,,,,
2022,July,7/28/22, $67.94 ,Fixed,Gas,Shell,9014,,,,
2022,July,7/29/22, $105.80 ,Mindful Spending,Entertainment,Iceland Air,9014,Flight ticket date change,,,
2022,July,7/30/22, $6.24 ,Mindful Spending,Clothes,BC SPCA Thrift Store,9014,,,,
2022,July,7/30/22, $16.50 ,Mindful Spending,Restaurant,Dominos,9014,,,,
2022,August,8/01/22, $725.00 ,Fixed,Rent,Imperial Apartments,9880,Rent,,,
2022,August,8/01/22, $27.50 ,Fixed,Rent,Imperial Apartments,9880,Parking. Split with Maureen,,,
2022,August,8/01/22, $25.00 ,Fixed,Internet,Vmedia,9880,Split with Maureen,,,
2022,August,8/14/22, $61.60 ,Fixed,Phone,FIDO Mobile,1095,,,,
2022,August,8/23/22, $7.28 ,Subscription Services,Spotify,Spotify,9014,Split with Maureen,,,
2022,August,8/30/22, $183.65 ,Fixed,Insurance,ICBC,9880,Car Insurance,,,
2022,August,8/01/22, $17.90 ,Mindful Spending,Entertainment,Regional Assembly of Text,9880,Puzzle split with Maureen,,,
2022,August,8/01/22, $15.90 ,Mindful Spending,Restaurant,Skip The Dishes,9014,,,,
2022,August,8/03/22, $77.89 ,Fixed,Groceries,Safeway,9014,,,,
